t,joint_name,side,angle_deg
t,shoulder_L_abd_raw,shoulder_L_abd_smoothed,shoulder_R_abd_raw,shoulder_R_abd_smoothed
8.204000000027008,8.329588026686356,8.329588026686356,13.444681276958677,13.444681276958677
t,shoulder_L_abd_raw,shoulder_L_abd_smoothed,shoulder_R_abd_raw,shoulder_R_abd_smoothed
8.204000000027008,8.329588026686356,8.329588026686356,13.444681276958677,13.444681276958677
t,shoulder_L_abd_raw,shoulder_L_abd_smoothed,shoulder_R_abd_raw,shoulder_R_abd_smoothed
8.204000000027008,8.329588026686356,8.329588026686356,13.444681276958677,13.444681276958677
t,shoulder_L_abd_raw,shoulder_L_abd_smoothed,shoulder_R_abd_raw,shoulder_R_abd_smoothed
8.204000000027008,8.329588026686356,8.329588026686356,13.444681276958677,13.444681276958677
t,shoulder_L_abd_raw,shoulder_L_abd_smoothed,shoulder_R_abd_raw,shoulder_R_abd_smoothed
8.219000000040978,8.329588026686356,8.329588026686356,13.444681276958677,13.444681276958677
t,shoulder_L_abd_raw,shoulder_L_abd_smoothed,shoulder_R_abd_raw,shoulder_R_abd_smoothed
8.219000000040978,8.329588026686356,8.329588026686356,13.444681276958677,13.444681276958677
t,shoulder_L_abd_raw,shoulder_L_abd_smoothed,shoulder_R_abd_raw,shoulder_R_abd_smoothed
8.219000000040978,8.329588026686356,8.329588026686356,13.444681276958677,13.444681276958677
t,shoulder_L_abd_raw,shoulder_L_abd_smoothed,shoulder_R_abd_raw,shoulder_R_abd_smoothed
8.219000000040978,8.329588026686356,8.329588026686356,13.444681276958677,13.444681276958677
t,shoulder_L_abd_raw,shoulder_L_abd_smoothed,shoulder_R_abd_raw,shoulder_R_abd_smoothed
8.25,8.329588026686356,8.329588026686356,13.444681276958677,13.444681276958677
t,shoulder_L_abd_raw,shoulder_L_abd_smoothed,shoulder_R_abd_raw,shoulder_R_abd_smoothed
8.25,8.329588026686356,8.329588026686356,13.444681276958677,13.444681276958677
t,shoulder_L_abd_raw,shoulder_L_abd_smoothed,shoulder_R_abd_raw,shoulder_R_abd_smoothed
8.25,8.329588026686356,8.329588026686356,13.444681276958677,13.444681276958677
t,shoulder_L_abd_raw,shoulder_L_abd_smoothed,shoulder_R_abd_raw,shoulder_R_abd_smoothed
8.25,8.329588026686356,8.329588026686356,13.444681276958677,13.444681276958677
t,shoulder_L_abd_raw,shoulder_L_abd_smoothed,shoulder_R_abd_raw,shoulder_R_abd_smoothed
8.297000000020489,8.587621530911346,8.587621530911346,12.885890006006564,12.885890006006564
t,shoulder_L_abd_raw,shoulder_L_abd_smoothed,shoulder_R_abd_raw,shoulder_R_abd_smoothed
8.297000000020489,8.587621530911346,8.587621530911346,12.885890006006564,12.885890006006564
t,shoulder_L_abd_raw,shoulder_L_abd_smoothed,shoulder_R_abd_raw,shoulder_R_abd_smoothed
8.297000000020489,8.587621530911346,8.587621530911346,12.885890006006564,12.885890006006564
t,shoulder_L_abd_raw,shoulder_L_abd_smoothed,shoulder_R_abd_raw,shoulder_R_abd_smoothed
8.297000000020489,8.587621530911346,8.587621530911346,12.885890006006564,12.885890006006564
t,shoulder_L_abd_raw,shoulder_L_abd_smoothed,shoulder_R_abd_raw,shoulder_R_abd_smoothed
8.329000000027008,8.587621530911346,8.587621530911346,12.885890006006564,12.885890006006564
t,shoulder_L_abd_raw,shoulder_L_abd_smoothed,shoulder_R_abd_raw,shoulder_R_abd_smoothed
8.329000000027008,8.587621530911346,8.587621530911346,12.885890006006564,12.885890006006564
t,shoulder_L_abd_raw,shoulder_L_abd_smoothed,shoulder_R_abd_raw,shoulder_R_abd_smoothed
8.329000000027008,8.587621530911346,8.587621530911346,12.885890006006564,12.885890006006564
t,shoulder_L_abd_raw,shoulder_L_abd_smoothed,shoulder_R_abd_raw,shoulder_R_abd_smoothed
8.329000000027008,8.587621530911346,8.587621530911346,12.885890006006564,12.885890006006564
t,shoulder_L_abd_raw,shoulder_L_abd_smoothed,shoulder_R_abd_raw,shoulder_R_abd_smoothed
8.344000000040978,8.587621530911346,8.587621530911346,12.885890006006564,12.885890006006564
t,shoulder_L_abd_raw,shoulder_L_abd_smoothed,shoulder_R_abd_raw,shoulder_R_abd_smoothed
8.344000000040978,8.587621530911346,8.587621530911346,12.885890006006564,12.885890006006564
t,shoulder_L_abd_raw,shoulder_L_abd_smoothed,shoulder_R_abd_raw,shoulder_R_abd_smoothed
8.344000000040978,8.587621530911346,8.587621530911346,12.885890006006564,12.885890006006564
t,shoulder_L_abd_raw,shoulder_L_abd_smoothed,shoulder_R_abd_raw,shoulder_R_abd_smoothed
8.344000000040978,8.587621530911346,8.587621530911346,12.885890006006564,12.885890006006564
t,shoulder_L_abd_raw,shoulder_L_abd_smoothed,shoulder_R_abd_raw,shoulder_R_abd_smoothed
8.375,8.587621530911346,8.587621530911346,12.885890006006564,12.885890006006564
t,shoulder_L_abd_raw,shoulder_L_abd_smoothed,shoulder_R_abd_raw,shoulder_R_abd_smoothed
8.375,8.587621530911346,8.587621530911346,12.885890006006564,12.885890006006564
t,shoulder_L_abd_raw,shoulder_L_abd_smoothed,shoulder_R_abd_raw,shoulder_R_abd_smoothed
8.375,8.587621530911346,8.587621530911346,12.885890006006564,12.885890006006564
t,shoulder_L_abd_raw,shoulder_L_abd_smoothed,shoulder_R_abd_raw,shoulder_R_abd_smoothed
8.375,8.587621530911346,8.587621530911346,12.885890006006564,12.885890006006564
t,shoulder_L_abd_raw,shoulder_L_abd_smoothed,shoulder_R_abd_raw,shoulder_R_abd_smoothed
8.40700000000652,8.18637946726266,8.18637946726266,12.997950958654622,12.997950958654622
t,shoulder_L_abd_raw,shoulder_L_abd_smoothed,shoulder_R_abd_raw,shoulder_R_abd_smoothed
8.40700000000652,8.18637946726266,8.18637946726266,12.997950958654622,12.997950958654622
t,shoulder_L_abd_raw,shoulder_L_abd_smoothed,shoulder_R_abd_raw,shoulder_R_abd_smoothed
8.40700000000652,8.18637946726266,8.18637946726266,12.997950958654622,12.997950958654622
t,shoulder_L_abd_raw,shoulder_L_abd_smoothed,shoulder_R_abd_raw,shoulder_R_abd_smoothed
8.40700000000652,8.18637946726266,8.18637946726266,12.997950958654622,12.997950958654622
t,shoulder_L_abd_raw,shoulder_L_abd_smoothed,shoulder_R_abd_raw,shoulder_R_abd_smoothed
8.438000000023749,8.18637946726266,8.18637946726266,12.997950958654622,12.997950958654622
t,shoulder_L_abd_raw,shoulder_L_abd_smoothed,shoulder_R_abd_raw,shoulder_R_abd_smoothed
8.438000000023749,8.18637946726266,8.18637946726266,12.997950958654622,12.997950958654622
t,shoulder_L_abd_raw,shoulder_L_abd_smoothed,shoulder_R_abd_raw,shoulder_R_abd_smoothed
8.438000000023749,8.18637946726266,8.18637946726266,12.997950958654622,12.997950958654622
t,shoulder_L_abd_raw,shoulder_L_abd_smoothed,shoulder_R_abd_raw,shoulder_R_abd_smoothed
8.438000000023749,8.18637946726266,8.18637946726266,12.997950958654622,12.997950958654622
t,shoulder_L_abd_raw,shoulder_L_abd_smoothed,shoulder_R_abd_raw,shoulder_R_abd_smoothed
8.454000000027008,8.18637946726266,8.18637946726266,12.997950958654622,12.997950958654622
t,shoulder_L_abd_raw,shoulder_L_abd_smoothed,shoulder_R_abd_raw,shoulder_R_abd_smoothed
8.454000000027008,8.18637946726266,8.18637946726266,12.997950958654622,12.997950958654622
t,shoulder_L_abd_raw,shoulder_L_abd_smoothed,shoulder_R_abd_raw,shoulder_R_abd_smoothed
8.454000000027008,8.18637946726266,8.18637946726266,12.997950958654622,12.997950958654622
t,shoulder_L_abd_raw,shoulder_L_abd_smoothed,shoulder_R_abd_raw,shoulder_R_abd_smoothed
8.454000000027008,8.18637946726266,8.18637946726266,12.997950958654622,12.997950958654622
t,shoulder_L_abd_raw,shoulder_L_abd_smoothed,shoulder_R_abd_raw,shoulder_R_abd_smoothed
8.5,8.796963846739741,8.796963846739741,12.887344720583494,12.887344720583494
t,shoulder_L_abd_raw,shoulder_L_abd_smoothed,shoulder_R_abd_raw,shoulder_R_abd_smoothed
8.5,8.796963846739741,8.796963846739741,12.887344720583494,12.887344720583494
t,shoulder_L_abd_raw,shoulder_L_abd_smoothed,shoulder_R_abd_raw,shoulder_R_abd_smoothed
8.5,8.796963846739741,8.796963846739741,12.887344720583494,12.887344720583494
t,shoulder_L_abd_raw,shoulder_L_abd_smoothed,shoulder_R_abd_raw,shoulder_R_abd_smoothed
8.5,8.796963846739741,8.796963846739741,12.887344720583494,12.887344720583494
t,shoulder_L_abd_raw,shoulder_L_abd_smoothed,shoulder_R_abd_raw,shoulder_R_abd_smoothed
8.53200000000652,8.796963846739741,8.796963846739741,12.887344720583494,12.887344720583494
t,shoulder_L_abd_raw,shoulder_L_abd_smoothed,shoulder_R_abd_raw,shoulder_R_abd_smoothed
8.53200000000652,8.796963846739741,8.796963846739741,12.887344720583494,12.887344720583494
t,shoulder_L_abd_raw,shoulder_L_abd_smoothed,shoulder_R_abd_raw,shoulder_R_abd_smoothed
8.53200000000652,8.796963846739741,8.796963846739741,12.887344720583494,12.887344720583494
t,shoulder_L_abd_raw,shoulder_L_abd_smoothed,shoulder_R_abd_raw,shoulder_R_abd_smoothed
8.53200000000652,8.796963846739741,8.796963846739741,12.887344720583494,12.887344720583494
t,shoulder_L_abd_raw,shoulder_L_abd_smoothed,shoulder_R_abd_raw,shoulder_R_abd_smoothed
8.594000000040978,8.558182579973435,8.558182579973435,13.2710235038007,13.2710235038007
t,shoulder_L_abd_raw,shoulder_L_abd_smoothed,shoulder_R_abd_raw,shoulder_R_abd_smoothed
8.594000000040978,8.558182579973435,8.558182579973435,13.2710235038007,13.2710235038007
t,shoulder_L_abd_raw,shoulder_L_abd_smoothed,shoulder_R_abd_raw,shoulder_R_abd_smoothed
8.594000000040978,8.558182579973435,8.558182579973435,13.2710235038007,13.2710235038007
t,shoulder_L_abd_raw,shoulder_L_abd_smoothed,shoulder_R_abd_raw,shoulder_R_abd_smoothed
8.594000000040978,8.558182579973435,8.558182579973435,13.2710235038007,13.2710235038007
t,shoulder_L_abd_raw,shoulder_L_abd_smoothed,shoulder_R_abd_raw,shoulder_R_abd_smoothed
8.625,8.558182579973435,8.558182579973435,13.2710235038007,13.2710235038007
t,shoulder_L_abd_raw,shoulder_L_abd_smoothed,shoulder_R_abd_raw,shoulder_R_abd_smoothed
8.625,8.558182579973435,8.558182579973435,13.2710235038007,13.2710235038007
t,shoulder_L_abd_raw,shoulder_L_abd_smoothed,shoulder_R_abd_raw,shoulder_R_abd_smoothed
8.625,8.558182579973435,8.558182579973435,13.2710235038007,13.2710235038007
t,shoulder_L_abd_raw,shoulder_L_abd_smoothed,shoulder_R_abd_raw,shoulder_R_abd_smoothed
8.625,8.558182579973435,8.558182579973435,13.2710235038007,13.2710235038007
t,shoulder_L_abd_raw,shoulder_L_abd_smoothed,shoulder_R_abd_raw,shoulder_R_abd_smoothed
8.65700000000652,8.558182579973435,8.558182579973435,13.2710235038007,13.2710235038007
t,shoulder_L_abd_raw,shoulder_L_abd_smoothed,shoulder_R_abd_raw,shoulder_R_abd_smoothed
8.65700000000652,8.558182579973435,8.558182579973435,13.2710235038007,13.2710235038007
t,shoulder_L_abd_raw,shoulder_L_abd_smoothed,shoulder_R_abd_raw,shoulder_R_abd_smoothed
8.65700000000652,8.558182579973435,8.558182579973435,13.2710235038007,13.2710235038007
t,shoulder_L_abd_raw,shoulder_L_abd_smoothed,shoulder_R_abd_raw,shoulder_R_abd_smoothed
8.65700000000652,8.558182579973435,8.558182579973435,13.2710235038007,13.2710235038007
t,shoulder_L_abd_raw,shoulder_L_abd_smoothed,shoulder_R_abd_raw,shoulder_R_abd_smoothed
8.688000000023749,8.417109553067823,8.417109553067823,13.168624881430954,13.168624881430954
t,shoulder_L_abd_raw,shoulder_L_abd_smoothed,shoulder_R_abd_raw,shoulder_R_abd_smoothed
8.688000000023749,8.417109553067823,8.417109553067823,13.168624881430954,13.168624881430954
t,shoulder_L_abd_raw,shoulder_L_abd_smoothed,shoulder_R_abd_raw,shoulder_R_abd_smoothed
8.688000000023749,8.417109553067823,8.417109553067823,13.168624881430954,13.168624881430954
t,shoulder_L_abd_raw,shoulder_L_abd_smoothed,shoulder_R_abd_raw,shoulder_R_abd_smoothed
8.688000000023749,8.417109553067823,8.417109553067823,13.168624881430954,13.168624881430954
t,shoulder_L_abd_raw,shoulder_L_abd_smoothed,shoulder_R_abd_raw,shoulder_R_abd_smoothed
8.719000000040978,8.417109553067823,8.417109553067823,13.168624881430954,13.168624881430954
t,shoulder_L_abd_raw,shoulder_L_abd_smoothed,shoulder_R_abd_raw,shoulder_R_abd_smoothed
8.719000000040978,8.417109553067823,8.417109553067823,13.168624881430954,13.168624881430954
t,shoulder_L_abd_raw,shoulder_L_abd_smoothed,shoulder_R_abd_raw,shoulder_R_abd_smoothed
8.719000000040978,8.417109553067823,8.417109553067823,13.168624881430954,13.168624881430954
t,shoulder_L_abd_raw,shoulder_L_abd_smoothed,shoulder_R_abd_raw,shoulder_R_abd_smoothed
8.719000000040978,8.417109553067823,8.417109553067823,13.168624881430954,13.168624881430954
t,shoulder_L_abd_raw,shoulder_L_abd_smoothed,shoulder_R_abd_raw,shoulder_R_abd_smoothed
8.75,8.417109553067823,8.417109553067823,13.168624881430954,13.168624881430954
t,shoulder_L_abd_raw,shoulder_L_abd_smoothed,shoulder_R_abd_raw,shoulder_R_abd_smoothed
8.75,8.417109553067823,8.417109553067823,13.168624881430954,13.168624881430954
t,shoulder_L_abd_raw,shoulder_L_abd_smoothed,shoulder_R_abd_raw,shoulder_R_abd_smoothed
8.75,8.417109553067823,8.417109553067823,13.168624881430954,13.168624881430954
t,shoulder_L_abd_raw,shoulder_L_abd_smoothed,shoulder_R_abd_raw,shoulder_R_abd_smoothed
8.75,8.417109553067823,8.417109553067823,13.168624881430954,13.168624881430954
t,shoulder_L_abd_raw,shoulder_L_abd_smoothed,shoulder_R_abd_raw,shoulder_R_abd_smoothed
8.76600000000326,8.417109553067823,8.417109553067823,13.168624881430954,13.168624881430954
t,shoulder_L_abd_raw,shoulder_L_abd_smoothed,shoulder_R_abd_raw,shoulder_R_abd_smoothed
8.76600000000326,8.417109553067823,8.417109553067823,13.168624881430954,13.168624881430954
t,shoulder_L_abd_raw,shoulder_L_abd_smoothed,shoulder_R_abd_raw,shoulder_R_abd_smoothed
8.76600000000326,8.417109553067823,8.417109553067823,13.168624881430954,13.168624881430954
t,shoulder_L_abd_raw,shoulder_L_abd_smoothed,shoulder_R_abd_raw,shoulder_R_abd_smoothed
8.76600000000326,8.417109553067823,8.417109553067823,13.168624881430954,13.168624881430954
t,shoulder_L_abd_raw,shoulder_L_abd_smoothed,shoulder_R_abd_raw,shoulder_R_abd_smoothed
8.813000000023749,8.778700946331819,8.778700946331819,22.66797682049581,22.66797682049581
t,shoulder_L_abd_raw,shoulder_L_abd_smoothed,shoulder_R_abd_raw,shoulder_R_abd_smoothed
8.813000000023749,8.778700946331819,8.778700946331819,22.66797682049581,22.66797682049581
t,shoulder_L_abd_raw,shoulder_L_abd_smoothed,shoulder_R_abd_raw,shoulder_R_abd_smoothed
8.813000000023749,8.778700946331819,8.778700946331819,22.66797682049581,22.66797682049581
t,shoulder_L_abd_raw,shoulder_L_abd_smoothed,shoulder_R_abd_raw,shoulder_R_abd_smoothed
8.813000000023749,8.778700946331819,8.778700946331819,22.66797682049581,22.66797682049581
t,shoulder_L_abd_raw,shoulder_L_abd_smoothed,shoulder_R_abd_raw,shoulder_R_abd_smoothed
8.829000000027008,8.778700946331819,8.778700946331819,22.66797682049581,22.66797682049581
t,shoulder_L_abd_raw,shoulder_L_abd_smoothed,shoulder_R_abd_raw,shoulder_R_abd_smoothed
8.829000000027008,8.778700946331819,8.778700946331819,22.66797682049581,22.66797682049581
t,shoulder_L_abd_raw,shoulder_L_abd_smoothed,shoulder_R_abd_raw,shoulder_R_abd_smoothed
8.829000000027008,8.778700946331819,8.778700946331819,22.66797682049581,22.66797682049581
t,shoulder_L_abd_raw,shoulder_L_abd_smoothed,shoulder_R_abd_raw,shoulder_R_abd_smoothed
8.829000000027008,8.778700946331819,8.778700946331819,22.66797682049581,22.66797682049581
t,shoulder_L_abd_raw,shoulder_L_abd_smoothed,shoulder_R_abd_raw,shoulder_R_abd_smoothed
8.860000000044238,8.778700946331819,8.778700946331819,22.66797682049581,22.66797682049581
t,shoulder_L_abd_raw,shoulder_L_abd_smoothed,shoulder_R_abd_raw,shoulder_R_abd_smoothed
8.860000000044238,8.778700946331819,8.778700946331819,22.66797682049581,22.66797682049581
t,shoulder_L_abd_raw,shoulder_L_abd_smoothed,shoulder_R_abd_raw,shoulder_R_abd_smoothed
8.860000000044238,8.778700946331819,8.778700946331819,22.66797682049581,22.66797682049581
t,shoulder_L_abd_raw,shoulder_L_abd_smoothed,shoulder_R_abd_raw,shoulder_R_abd_smoothed
8.860000000044238,8.778700946331819,8.778700946331819,22.66797682049581,22.66797682049581
t,shoulder_L_abd_raw,shoulder_L_abd_smoothed,shoulder_R_abd_raw,shoulder_R_abd_smoothed
8.90700000000652,8.670610202789963,8.670610202789963,12.701875739811415,12.701875739811415
t,shoulder_L_abd_raw,shoulder_L_abd_smoothed,shoulder_R_abd_raw,shoulder_R_abd_smoothed
8.90700000000652,8.670610202789963,8.670610202789963,12.701875739811415,12.701875739811415
t,shoulder_L_abd_raw,shoulder_L_abd_smoothed,shoulder_R_abd_raw,shoulder_R_abd_smoothed
8.90700000000652,8.670610202789963,8.670610202789963,12.701875739811415,12.701875739811415
t,shoulder_L_abd_raw,shoulder_L_abd_smoothed,shoulder_R_abd_raw,shoulder_R_abd_smoothed
8.90700000000652,8.670610202789963,8.670610202789963,12.701875739811415,12.701875739811415
t,shoulder_L_abd_raw,shoulder_L_abd_smoothed,shoulder_R_abd_raw,shoulder_R_abd_smoothed
8.922000000020489,8.670610202789963,8.670610202789963,12.701875739811415,12.701875739811415
t,shoulder_L_abd_raw,shoulder_L_abd_smoothed,shoulder_R_abd_raw,shoulder_R_abd_smoothed
8.922000000020489,8.670610202789963,8.670610202789963,12.701875739811415,12.701875739811415
t,shoulder_L_abd_raw,shoulder_L_abd_smoothed,shoulder_R_abd_raw,shoulder_R_abd_smoothed
8.922000000020489,8.670610202789963,8.670610202789963,12.701875739811415,12.701875739811415
t,shoulder_L_abd_raw,shoulder_L_abd_smoothed,shoulder_R_abd_raw,shoulder_R_abd_smoothed
8.922000000020489,8.670610202789963,8.670610202789963,12.701875739811415,12.701875739811415
t,shoulder_L_abd_raw,shoulder_L_abd_smoothed,shoulder_R_abd_raw,shoulder_R_abd_smoothed
9.0,8.934877023020466,8.934877023020466,13.134943952538666,13.134943952538666
t,shoulder_L_abd_raw,shoulder_L_abd_smoothed,shoulder_R_abd_raw,shoulder_R_abd_smoothed
9.0,8.934877023020466,8.934877023020466,13.134943952538666,13.134943952538666
t,shoulder_L_abd_raw,shoulder_L_abd_smoothed,shoulder_R_abd_raw,shoulder_R_abd_smoothed
9.0,8.934877023020466,8.934877023020466,13.134943952538666,13.134943952538666
t,shoulder_L_abd_raw,shoulder_L_abd_smoothed,shoulder_R_abd_raw,shoulder_R_abd_smoothed
9.0,8.934877023020466,8.934877023020466,13.134943952538666,13.134943952538666
t,shoulder_L_abd_raw,shoulder_L_abd_smoothed,shoulder_R_abd_raw,shoulder_R_abd_smoothed
9.03200000000652,8.934877023020466,8.934877023020466,13.134943952538666,13.134943952538666
t,shoulder_L_abd_raw,shoulder_L_abd_smoothed,shoulder_R_abd_raw,shoulder_R_abd_smoothed
9.03200000000652,8.934877023020466,8.934877023020466,13.134943952538666,13.134943952538666
t,shoulder_L_abd_raw,shoulder_L_abd_smoothed,shoulder_R_abd_raw,shoulder_R_abd_smoothed
9.03200000000652,8.934877023020466,8.934877023020466,13.134943952538666,13.134943952538666
t,shoulder_L_abd_raw,shoulder_L_abd_smoothed,shoulder_R_abd_raw,shoulder_R_abd_smoothed
9.03200000000652,8.934877023020466,8.934877023020466,13.134943952538666,13.134943952538666
t,shoulder_L_abd_raw,shoulder_L_abd_smoothed,shoulder_R_abd_raw,shoulder_R_abd_smoothed
9.047000000020489,8.934877023020466,8.934877023020466,13.134943952538666,13.134943952538666
t,shoulder_L_abd_raw,shoulder_L_abd_smoothed,shoulder_R_abd_raw,shoulder_R_abd_smoothed
9.047000000020489,8.934877023020466,8.934877023020466,13.134943952538666,13.134943952538666
t,shoulder_L_abd_raw,shoulder_L_abd_smoothed,shoulder_R_abd_raw,shoulder_R_abd_smoothed
9.047000000020489,8.934877023020466,8.934877023020466,13.134943952538666,13.134943952538666
t,shoulder_L_abd_raw,shoulder_L_abd_smoothed,shoulder_R_abd_raw,shoulder_R_abd_smoothed
9.047000000020489,8.934877023020466,8.934877023020466,13.134943952538666,13.134943952538666
t,shoulder_L_abd_raw,shoulder_L_abd_smoothed,shoulder_R_abd_raw,shoulder_R_abd_smoothed
9.094000000040978,8.376674544613687,8.376674544613687,22.62395724664816,22.62395724664816
t,shoulder_L_abd_raw,shoulder_L_abd_smoothed,shoulder_R_abd_raw,shoulder_R_abd_smoothed
9.094000000040978,8.376674544613687,8.376674544613687,22.62395724664816,22.62395724664816
t,shoulder_L_abd_raw,shoulder_L_abd_smoothed,shoulder_R_abd_raw,shoulder_R_abd_smoothed
9.094000000040978,8.376674544613687,8.376674544613687,22.62395724664816,22.62395724664816
t,shoulder_L_abd_raw,shoulder_L_abd_smoothed,shoulder_R_abd_raw,shoulder_R_abd_smoothed
9.094000000040978,8.376674544613687,8.376674544613687,22.62395724664816,22.62395724664816
t,shoulder_L_abd_raw,shoulder_L_abd_smoothed,shoulder_R_abd_raw,shoulder_R_abd_smoothed
9.125,8.376674544613687,8.376674544613687,22.62395724664816,22.62395724664816
t,shoulder_L_abd_raw,shoulder_L_abd_smoothed,shoulder_R_abd_raw,shoulder_R_abd_smoothed
9.125,8.376674544613687,8.376674544613687,22.62395724664816,22.62395724664816
t,shoulder_L_abd_raw,shoulder_L_abd_smoothed,shoulder_R_abd_raw,shoulder_R_abd_smoothed
9.125,8.376674544613687,8.376674544613687,22.62395724664816,22.62395724664816
t,shoulder_L_abd_raw,shoulder_L_abd_smoothed,shoulder_R_abd_raw,shoulder_R_abd_smoothed
9.125,8.376674544613687,8.376674544613687,22.62395724664816,22.62395724664816
t,shoulder_L_abd_raw,shoulder_L_abd_smoothed,shoulder_R_abd_raw,shoulder_R_abd_smoothed
9.15700000000652,8.376674544613687,8.376674544613687,22.62395724664816,22.62395724664816
t,shoulder_L_abd_raw,shoulder_L_abd_smoothed,shoulder_R_abd_raw,shoulder_R_abd_smoothed
9.15700000000652,8.376674544613687,8.376674544613687,22.62395724664816,22.62395724664816
t,shoulder_L_abd_raw,shoulder_L_abd_smoothed,shoulder_R_abd_raw,shoulder_R_abd_smoothed
9.15700000000652,8.376674544613687,8.376674544613687,22.62395724664816,22.62395724664816
t,shoulder_L_abd_raw,shoulder_L_abd_smoothed,shoulder_R_abd_raw,shoulder_R_abd_smoothed
9.15700000000652,8.376674544613687,8.376674544613687,22.62395724664816,22.62395724664816
t,shoulder_L_abd_raw,shoulder_L_abd_smoothed,shoulder_R_abd_raw,shoulder_R_abd_smoothed
9.172000000020489,8.376674544613687,8.376674544613687,22.62395724664816,22.62395724664816
t,shoulder_L_abd_raw,shoulder_L_abd_smoothed,shoulder_R_abd_raw,shoulder_R_abd_smoothed
9.172000000020489,8.376674544613687,8.376674544613687,22.62395724664816,22.62395724664816
t,shoulder_L_abd_raw,shoulder_L_abd_smoothed,shoulder_R_abd_raw,shoulder_R_abd_smoothed
9.172000000020489,8.376674544613687,8.376674544613687,22.62395724664816,22.62395724664816
t,shoulder_L_abd_raw,shoulder_L_abd_smoothed,shoulder_R_abd_raw,shoulder_R_abd_smoothed
9.172000000020489,8.376674544613687,8.376674544613687,22.62395724664816,22.62395724664816
t,shoulder_L_abd_raw,shoulder_L_abd_smoothed,shoulder_R_abd_raw,shoulder_R_abd_smoothed
9.204000000027008,8.438732762161433,8.438732762161433,13.030783248922242,13.030783248922242
t,shoulder_L_abd_raw,shoulder_L_abd_smoothed,shoulder_R_abd_raw,shoulder_R_abd_smoothed
9.204000000027008,8.438732762161433,8.438732762161433,13.030783248922242,13.030783248922242
t,shoulder_L_abd_raw,shoulder_L_abd_smoothed,shoulder_R_abd_raw,shoulder_R_abd_smoothed
9.204000000027008,8.438732762161433,8.438732762161433,13.030783248922242,13.030783248922242
t,shoulder_L_abd_raw,shoulder_L_abd_smoothed,shoulder_R_abd_raw,shoulder_R_abd_smoothed
9.204000000027008,8.438732762161433,8.438732762161433,13.030783248922242,13.030783248922242
t,shoulder_L_abd_raw,shoulder_L_abd_smoothed,shoulder_R_abd_raw,shoulder_R_abd_smoothed
9.235000000044238,8.438732762161433,8.438732762161433,13.030783248922242,13.030783248922242
t,shoulder_L_abd_raw,shoulder_L_abd_smoothed,shoulder_R_abd_raw,shoulder_R_abd_smoothed
9.235000000044238,8.438732762161433,8.438732762161433,13.030783248922242,13.030783248922242
t,shoulder_L_abd_raw,shoulder_L_abd_smoothed,shoulder_R_abd_raw,shoulder_R_abd_smoothed
9.235000000044238,8.438732762161433,8.438732762161433,13.030783248922242,13.030783248922242
t,shoulder_L_abd_raw,shoulder_L_abd_smoothed,shoulder_R_abd_raw,shoulder_R_abd_smoothed
9.235000000044238,8.438732762161433,8.438732762161433,13.030783248922242,13.030783248922242
t,shoulder_L_abd_raw,shoulder_L_abd_smoothed,shoulder_R_abd_raw,shoulder_R_abd_smoothed
9.25,8.438732762161433,8.438732762161433,13.030783248922242,13.030783248922242
t,shoulder_L_abd_raw,shoulder_L_abd_smoothed,shoulder_R_abd_raw,shoulder_R_abd_smoothed
9.25,8.438732762161433,8.438732762161433,13.030783248922242,13.030783248922242
t,shoulder_L_abd_raw,shoulder_L_abd_smoothed,shoulder_R_abd_raw,shoulder_R_abd_smoothed
9.25,8.438732762161433,8.438732762161433,13.030783248922242,13.030783248922242
t,shoulder_L_abd_raw,shoulder_L_abd_smoothed,shoulder_R_abd_raw,shoulder_R_abd_smoothed
9.25,8.438732762161433,8.438732762161433,13.030783248922242,13.030783248922242
t,shoulder_L_abd_raw,shoulder_L_abd_smoothed,shoulder_R_abd_raw,shoulder_R_abd_smoothed
9.297000000020489,8.378502853306415,8.378502853306415,14.31206864079355,14.31206864079355
t,shoulder_L_abd_raw,shoulder_L_abd_smoothed,shoulder_R_abd_raw,shoulder_R_abd_smoothed
9.297000000020489,8.378502853306415,8.378502853306415,14.31206864079355,14.31206864079355
t,shoulder_L_abd_raw,shoulder_L_abd_smoothed,shoulder_R_abd_raw,shoulder_R_abd_smoothed
9.297000000020489,8.378502853306415,8.378502853306415,14.31206864079355,14.31206864079355
t,shoulder_L_abd_raw,shoulder_L_abd_smoothed,shoulder_R_abd_raw,shoulder_R_abd_smoothed
9.297000000020489,8.378502853306415,8.378502853306415,14.31206864079355,14.31206864079355
t,shoulder_L_abd_raw,shoulder_L_abd_smoothed,shoulder_R_abd_raw,shoulder_R_abd_smoothed
9.329000000027008,8.378502853306415,8.378502853306415,14.31206864079355,14.31206864079355
t,shoulder_L_abd_raw,shoulder_L_abd_smoothed,shoulder_R_abd_raw,shoulder_R_abd_smoothed
9.329000000027008,8.378502853306415,8.378502853306415,14.31206864079355,14.31206864079355
t,shoulder_L_abd_raw,shoulder_L_abd_smoothed,shoulder_R_abd_raw,shoulder_R_abd_smoothed
9.329000000027008,8.378502853306415,8.378502853306415,14.31206864079355,14.31206864079355
t,shoulder_L_abd_raw,shoulder_L_abd_smoothed,shoulder_R_abd_raw,shoulder_R_abd_smoothed
9.329000000027008,8.378502853306415,8.378502853306415,14.31206864079355,14.31206864079355
t,shoulder_L_abd_raw,shoulder_L_abd_smoothed,shoulder_R_abd_raw,shoulder_R_abd_smoothed
9.40700000000652,8.062217097271635,8.062217097271635,13.089390918406318,13.089390918406318
t,shoulder_L_abd_raw,shoulder_L_abd_smoothed,shoulder_R_abd_raw,shoulder_R_abd_smoothed
9.40700000000652,8.062217097271635,8.062217097271635,13.089390918406318,13.089390918406318
t,shoulder_L_abd_raw,shoulder_L_abd_smoothed,shoulder_R_abd_raw,shoulder_R_abd_smoothed
9.40700000000652,8.062217097271635,8.062217097271635,13.089390918406318,13.089390918406318
t,shoulder_L_abd_raw,shoulder_L_abd_smoothed,shoulder_R_abd_raw,shoulder_R_abd_smoothed
9.40700000000652,8.062217097271635,8.062217097271635,13.089390918406318,13.089390918406318
t,shoulder_L_abd_raw,shoulder_L_abd_smoothed,shoulder_R_abd_raw,shoulder_R_abd_smoothed
9.422000000020489,8.062217097271635,8.062217097271635,13.089390918406318,13.089390918406318
t,shoulder_L_abd_raw,shoulder_L_abd_smoothed,shoulder_R_abd_raw,shoulder_R_abd_smoothed
9.422000000020489,8.062217097271635,8.062217097271635,13.089390918406318,13.089390918406318
t,shoulder_L_abd_raw,shoulder_L_abd_smoothed,shoulder_R_abd_raw,shoulder_R_abd_smoothed
9.422000000020489,8.062217097271635,8.062217097271635,13.089390918406318,13.089390918406318
t,shoulder_L_abd_raw,shoulder_L_abd_smoothed,shoulder_R_abd_raw,shoulder_R_abd_smoothed
9.422000000020489,8.062217097271635,8.062217097271635,13.089390918406318,13.089390918406318
t,shoulder_L_abd_raw,shoulder_L_abd_smoothed,shoulder_R_abd_raw,shoulder_R_abd_smoothed
9.454000000027008,8.062217097271635,8.062217097271635,13.089390918406318,13.089390918406318
t,shoulder_L_abd_raw,shoulder_L_abd_smoothed,shoulder_R_abd_raw,shoulder_R_abd_smoothed
9.454000000027008,8.062217097271635,8.062217097271635,13.089390918406318,13.089390918406318
t,shoulder_L_abd_raw,shoulder_L_abd_smoothed,shoulder_R_abd_raw,shoulder_R_abd_smoothed
9.454000000027008,8.062217097271635,8.062217097271635,13.089390918406318,13.089390918406318
t,shoulder_L_abd_raw,shoulder_L_abd_smoothed,shoulder_R_abd_raw,shoulder_R_abd_smoothed
9.454000000027008,8.062217097271635,8.062217097271635,13.089390918406318,13.089390918406318
t,shoulder_L_abd_raw,shoulder_L_abd_smoothed,shoulder_R_abd_raw,shoulder_R_abd_smoothed
9.5,8.251477392411942,8.251477392411942,13.076355754744284,13.076355754744284
t,shoulder_L_abd_raw,shoulder_L_abd_smoothed,shoulder_R_abd_raw,shoulder_R_abd_smoothed
9.5,8.251477392411942,8.251477392411942,13.076355754744284,13.076355754744284
t,shoulder_L_abd_raw,shoulder_L_abd_smoothed,shoulder_R_abd_raw,shoulder_R_abd_smoothed
9.5,8.251477392411942,8.251477392411942,13.076355754744284,13.076355754744284
t,shoulder_L_abd_raw,shoulder_L_abd_smoothed,shoulder_R_abd_raw,shoulder_R_abd_smoothed
9.5,8.251477392411942,8.251477392411942,13.076355754744284,13.076355754744284
t,shoulder_L_abd_raw,shoulder_L_abd_smoothed,shoulder_R_abd_raw,shoulder_R_abd_smoothed
9.51600000000326,8.251477392411942,8.251477392411942,13.076355754744284,13.076355754744284
t,shoulder_L_abd_raw,shoulder_L_abd_smoothed,shoulder_R_abd_raw,shoulder_R_abd_smoothed
9.51600000000326,8.251477392411942,8.251477392411942,13.076355754744284,13.076355754744284
t,shoulder_L_abd_raw,shoulder_L_abd_smoothed,shoulder_R_abd_raw,shoulder_R_abd_smoothed
9.51600000000326,8.251477392411942,8.251477392411942,13.076355754744284,13.076355754744284
t,shoulder_L_abd_raw,shoulder_L_abd_smoothed,shoulder_R_abd_raw,shoulder_R_abd_smoothed
9.51600000000326,8.251477392411942,8.251477392411942,13.076355754744284,13.076355754744284
t,shoulder_L_abd_raw,shoulder_L_abd_smoothed,shoulder_R_abd_raw,shoulder_R_abd_smoothed
9.547000000020489,8.251477392411942,8.251477392411942,13.076355754744284,13.076355754744284
t,shoulder_L_abd_raw,shoulder_L_abd_smoothed,shoulder_R_abd_raw,shoulder_R_abd_smoothed
9.547000000020489,8.251477392411942,8.251477392411942,13.076355754744284,13.076355754744284
t,shoulder_L_abd_raw,shoulder_L_abd_smoothed,shoulder_R_abd_raw,shoulder_R_abd_smoothed
9.547000000020489,8.251477392411942,8.251477392411942,13.076355754744284,13.076355754744284
t,shoulder_L_abd_raw,shoulder_L_abd_smoothed,shoulder_R_abd_raw,shoulder_R_abd_smoothed
9.547000000020489,8.251477392411942,8.251477392411942,13.076355754744284,13.076355754744284
t,shoulder_L_abd_raw,shoulder_L_abd_smoothed,shoulder_R_abd_raw,shoulder_R_abd_smoothed
9.579000000027008,8.251477392411942,8.251477392411942,13.076355754744284,13.076355754744284
t,shoulder_L_abd_raw,shoulder_L_abd_smoothed,shoulder_R_abd_raw,shoulder_R_abd_smoothed
9.579000000027008,8.251477392411942,8.251477392411942,13.076355754744284,13.076355754744284
t,shoulder_L_abd_raw,shoulder_L_abd_smoothed,shoulder_R_abd_raw,shoulder_R_abd_smoothed
9.579000000027008,8.251477392411942,8.251477392411942,13.076355754744284,13.076355754744284
t,shoulder_L_abd_raw,shoulder_L_abd_smoothed,shoulder_R_abd_raw,shoulder_R_abd_smoothed
9.579000000027008,8.251477392411942,8.251477392411942,13.076355754744284,13.076355754744284
t,shoulder_L_abd_raw,shoulder_L_abd_smoothed
9.610000000044238,8.397910072365024,8.397910072365024
t,shoulder_L_abd_raw,shoulder_L_abd_smoothed
9.610000000044238,8.397910072365024,8.397910072365024
t,shoulder_L_abd_raw,shoulder_L_abd_smoothed
9.625,8.397910072365024,8.397910072365024
t,shoulder_L_abd_raw,shoulder_L_abd_smoothed
9.625,8.397910072365024,8.397910072365024
t,shoulder_L_abd_raw,shoulder_L_abd_smoothed
9.65700000000652,8.397910072365024,8.397910072365024
t,shoulder_L_abd_raw,shoulder_L_abd_smoothed
9.65700000000652,8.397910072365024,8.397910072365024
t,shoulder_L_abd_raw,shoulder_L_abd_smoothed,shoulder_R_abd_raw,shoulder_R_abd_smoothed
9.704000000027008,8.37411893652152,8.37411893652152,13.065845913778123,13.065845913778123
t,shoulder_L_abd_raw,shoulder_L_abd_smoothed,shoulder_R_abd_raw,shoulder_R_abd_smoothed
9.704000000027008,8.37411893652152,8.37411893652152,13.065845913778123,13.065845913778123
t,shoulder_L_abd_raw,shoulder_L_abd_smoothed,shoulder_R_abd_raw,shoulder_R_abd_smoothed
9.704000000027008,8.37411893652152,8.37411893652152,13.065845913778123,13.065845913778123
t,shoulder_L_abd_raw,shoulder_L_abd_smoothed,shoulder_R_abd_raw,shoulder_R_abd_smoothed
9.704000000027008,8.37411893652152,8.37411893652152,13.065845913778123,13.065845913778123
t,shoulder_L_abd_raw,shoulder_L_abd_smoothed,shoulder_R_abd_raw,shoulder_R_abd_smoothed
9.719000000040978,8.37411893652152,8.37411893652152,13.065845913778123,13.065845913778123
t,shoulder_L_abd_raw,shoulder_L_abd_smoothed,shoulder_R_abd_raw,shoulder_R_abd_smoothed
9.719000000040978,8.37411893652152,8.37411893652152,13.065845913778123,13.065845913778123
t,shoulder_L_abd_raw,shoulder_L_abd_smoothed,shoulder_R_abd_raw,shoulder_R_abd_smoothed
9.719000000040978,8.37411893652152,8.37411893652152,13.065845913778123,13.065845913778123
t,shoulder_L_abd_raw,shoulder_L_abd_smoothed,shoulder_R_abd_raw,shoulder_R_abd_smoothed
9.719000000040978,8.37411893652152,8.37411893652152,13.065845913778123,13.065845913778123
t,shoulder_L_abd_raw,shoulder_L_abd_smoothed,shoulder_R_abd_raw,shoulder_R_abd_smoothed
9.797000000020489,8.420235275292017,8.420235275292017,13.277567736177293,13.277567736177293
t,shoulder_L_abd_raw,shoulder_L_abd_smoothed,shoulder_R_abd_raw,shoulder_R_abd_smoothed
9.797000000020489,8.420235275292017,8.420235275292017,13.277567736177293,13.277567736177293
t,shoulder_L_abd_raw,shoulder_L_abd_smoothed,shoulder_R_abd_raw,shoulder_R_abd_smoothed
9.797000000020489,8.420235275292017,8.420235275292017,13.277567736177293,13.277567736177293
t,shoulder_L_abd_raw,shoulder_L_abd_smoothed,shoulder_R_abd_raw,shoulder_R_abd_smoothed
9.797000000020489,8.420235275292017,8.420235275292017,13.277567736177293,13.277567736177293
t,shoulder_L_abd_raw,shoulder_L_abd_smoothed,shoulder_R_abd_raw,shoulder_R_abd_smoothed
9.829000000027008,8.420235275292017,8.420235275292017,13.277567736177293,13.277567736177293
t,shoulder_L_abd_raw,shoulder_L_abd_smoothed,shoulder_R_abd_raw,shoulder_R_abd_smoothed
9.829000000027008,8.420235275292017,8.420235275292017,13.277567736177293,13.277567736177293
t,shoulder_L_abd_raw,shoulder_L_abd_smoothed,shoulder_R_abd_raw,shoulder_R_abd_smoothed
9.829000000027008,8.420235275292017,8.420235275292017,13.277567736177293,13.277567736177293
t,shoulder_L_abd_raw,shoulder_L_abd_smoothed,shoulder_R_abd_raw,shoulder_R_abd_smoothed
9.829000000027008,8.420235275292017,8.420235275292017,13.277567736177293,13.277567736177293
t,shoulder_L_abd_raw,shoulder_L_abd_smoothed,shoulder_R_abd_raw,shoulder_R_abd_smoothed
9.860000000044238,8.420235275292017,8.420235275292017,13.277567736177293,13.277567736177293
t,shoulder_L_abd_raw,shoulder_L_abd_smoothed,shoulder_R_abd_raw,shoulder_R_abd_smoothed
9.860000000044238,8.420235275292017,8.420235275292017,13.277567736177293,13.277567736177293
t,shoulder_L_abd_raw,shoulder_L_abd_smoothed,shoulder_R_abd_raw,shoulder_R_abd_smoothed
9.860000000044238,8.420235275292017,8.420235275292017,13.277567736177293,13.277567736177293
t,shoulder_L_abd_raw,shoulder_L_abd_smoothed,shoulder_R_abd_raw,shoulder_R_abd_smoothed
9.860000000044238,8.420235275292017,8.420235275292017,13.277567736177293,13.277567736177293
t,shoulder_L_abd_raw,shoulder_L_abd_smoothed,shoulder_R_abd_raw,shoulder_R_abd_smoothed
9.89100000000326,8.379838674581148,8.379838674581148,12.992301358753808,12.992301358753808
t,shoulder_L_abd_raw,shoulder_L_abd_smoothed,shoulder_R_abd_raw,shoulder_R_abd_smoothed
9.89100000000326,8.379838674581148,8.379838674581148,12.992301358753808,12.992301358753808
t,shoulder_L_abd_raw,shoulder_L_abd_smoothed,shoulder_R_abd_raw,shoulder_R_abd_smoothed
9.89100000000326,8.379838674581148,8.379838674581148,12.992301358753808,12.992301358753808
t,shoulder_L_abd_raw,shoulder_L_abd_smoothed,shoulder_R_abd_raw,shoulder_R_abd_smoothed
9.89100000000326,8.379838674581148,8.379838674581148,12.992301358753808,12.992301358753808
t,shoulder_L_abd_raw,shoulder_L_abd_smoothed,shoulder_R_abd_raw,shoulder_R_abd_smoothed
9.922000000020489,8.379838674581148,8.379838674581148,12.992301358753808,12.992301358753808
t,shoulder_L_abd_raw,shoulder_L_abd_smoothed,shoulder_R_abd_raw,shoulder_R_abd_smoothed
9.922000000020489,8.379838674581148,8.379838674581148,12.992301358753808,12.992301358753808
t,shoulder_L_abd_raw,shoulder_L_abd_smoothed,shoulder_R_abd_raw,shoulder_R_abd_smoothed
9.922000000020489,8.379838674581148,8.379838674581148,12.992301358753808,12.992301358753808
t,shoulder_L_abd_raw,shoulder_L_abd_smoothed,shoulder_R_abd_raw,shoulder_R_abd_smoothed
9.922000000020489,8.379838674581148,8.379838674581148,12.992301358753808,12.992301358753808
t,shoulder_L_abd_raw,shoulder_L_abd_smoothed,shoulder_R_abd_raw,shoulder_R_abd_smoothed
9.954000000027008,8.379838674581148,8.379838674581148,12.992301358753808,12.992301358753808
t,shoulder_L_abd_raw,shoulder_L_abd_smoothed,shoulder_R_abd_raw,shoulder_R_abd_smoothed
9.954000000027008,8.379838674581148,8.379838674581148,12.992301358753808,12.992301358753808
t,shoulder_L_abd_raw,shoulder_L_abd_smoothed,shoulder_R_abd_raw,shoulder_R_abd_smoothed
9.954000000027008,8.379838674581148,8.379838674581148,12.992301358753808,12.992301358753808
t,shoulder_L_abd_raw,shoulder_L_abd_smoothed,shoulder_R_abd_raw,shoulder_R_abd_smoothed
9.954000000027008,8.379838674581148,8.379838674581148,12.992301358753808,12.992301358753808
t,shoulder_L_abd_raw,shoulder_L_abd_smoothed,shoulder_R_abd_raw,shoulder_R_abd_smoothed
9.969000000040978,8.379838674581148,8.379838674581148,12.992301358753808,12.992301358753808
t,shoulder_L_abd_raw,shoulder_L_abd_smoothed,shoulder_R_abd_raw,shoulder_R_abd_smoothed
9.969000000040978,8.379838674581148,8.379838674581148,12.992301358753808,12.992301358753808
t,shoulder_L_abd_raw,shoulder_L_abd_smoothed,shoulder_R_abd_raw,shoulder_R_abd_smoothed
9.969000000040978,8.379838674581148,8.379838674581148,12.992301358753808,12.992301358753808
t,shoulder_L_abd_raw,shoulder_L_abd_smoothed,shoulder_R_abd_raw,shoulder_R_abd_smoothed
9.969000000040978,8.379838674581148,8.379838674581148,12.992301358753808,12.992301358753808
t,shoulder_L_abd_raw,shoulder_L_abd_smoothed,shoulder_R_abd_raw,shoulder_R_abd_smoothed
10.0,8.311203758873193,8.311203758873193,13.294731294810948,13.294731294810948
t,shoulder_L_abd_raw,shoulder_L_abd_smoothed,shoulder_R_abd_raw,shoulder_R_abd_smoothed
10.0,8.311203758873193,8.311203758873193,13.294731294810948,13.294731294810948
t,shoulder_L_abd_raw,shoulder_L_abd_smoothed,shoulder_R_abd_raw,shoulder_R_abd_smoothed
10.0,8.311203758873193,8.311203758873193,13.294731294810948,13.294731294810948
t,shoulder_L_abd_raw,shoulder_L_abd_smoothed,shoulder_R_abd_raw,shoulder_R_abd_smoothed
10.0,8.311203758873193,8.311203758873193,13.294731294810948,13.294731294810948
t,shoulder_L_abd_raw,shoulder_L_abd_smoothed,shoulder_R_abd_raw,shoulder_R_abd_smoothed
10.03200000000652,8.311203758873193,8.311203758873193,13.294731294810948,13.294731294810948
t,shoulder_L_abd_raw,shoulder_L_abd_smoothed,shoulder_R_abd_raw,shoulder_R_abd_smoothed
10.03200000000652,8.311203758873193,8.311203758873193,13.294731294810948,13.294731294810948
t,shoulder_L_abd_raw,shoulder_L_abd_smoothed,shoulder_R_abd_raw,shoulder_R_abd_smoothed
10.03200000000652,8.311203758873193,8.311203758873193,13.294731294810948,13.294731294810948
t,shoulder_L_abd_raw,shoulder_L_abd_smoothed,shoulder_R_abd_raw,shoulder_R_abd_smoothed
10.03200000000652,8.311203758873193,8.311203758873193,13.294731294810948,13.294731294810948
t,shoulder_L_abd_raw,shoulder_L_abd_smoothed,shoulder_R_abd_raw,shoulder_R_abd_smoothed
10.063000000023749,8.311203758873193,8.311203758873193,13.294731294810948,13.294731294810948
t,shoulder_L_abd_raw,shoulder_L_abd_smoothed,shoulder_R_abd_raw,shoulder_R_abd_smoothed
10.063000000023749,8.311203758873193,8.311203758873193,13.294731294810948,13.294731294810948
t,shoulder_L_abd_raw,shoulder_L_abd_smoothed,shoulder_R_abd_raw,shoulder_R_abd_smoothed
10.063000000023749,8.311203758873193,8.311203758873193,13.294731294810948,13.294731294810948
t,shoulder_L_abd_raw,shoulder_L_abd_smoothed,shoulder_R_abd_raw,shoulder_R_abd_smoothed
10.063000000023749,8.311203758873193,8.311203758873193,13.294731294810948,13.294731294810948
t,shoulder_L_abd_raw,shoulder_L_abd_smoothed,shoulder_R_abd_raw,shoulder_R_abd_smoothed
10.110000000044238,8.234994515512856,8.234994515512856,22.3419410575895,22.3419410575895
t,shoulder_L_abd_raw,shoulder_L_abd_smoothed,shoulder_R_abd_raw,shoulder_R_abd_smoothed
10.110000000044238,8.234994515512856,8.234994515512856,22.3419410575895,22.3419410575895
t,shoulder_L_abd_raw,shoulder_L_abd_smoothed,shoulder_R_abd_raw,shoulder_R_abd_smoothed
10.110000000044238,8.234994515512856,8.234994515512856,22.3419410575895,22.3419410575895
t,shoulder_L_abd_raw,shoulder_L_abd_smoothed,shoulder_R_abd_raw,shoulder_R_abd_smoothed
10.110000000044238,8.234994515512856,8.234994515512856,22.3419410575895,22.3419410575895
t,shoulder_L_abd_raw,shoulder_L_abd_smoothed,shoulder_R_abd_raw,shoulder_R_abd_smoothed
10.125,8.234994515512856,8.234994515512856,22.3419410575895,22.3419410575895
t,shoulder_L_abd_raw,shoulder_L_abd_smoothed,shoulder_R_abd_raw,shoulder_R_abd_smoothed
10.125,8.234994515512856,8.234994515512856,22.3419410575895,22.3419410575895
t,shoulder_L_abd_raw,shoulder_L_abd_smoothed,shoulder_R_abd_raw,shoulder_R_abd_smoothed
10.125,8.234994515512856,8.234994515512856,22.3419410575895,22.3419410575895
t,shoulder_L_abd_raw,shoulder_L_abd_smoothed,shoulder_R_abd_raw,shoulder_R_abd_smoothed
10.125,8.234994515512856,8.234994515512856,22.3419410575895,22.3419410575895
t,shoulder_L_abd_raw,shoulder_L_abd_smoothed,shoulder_R_abd_raw,shoulder_R_abd_smoothed
10.204000000027008,8.312928260811892,8.312928260811892,13.509713017443204,13.509713017443204
t,shoulder_L_abd_raw,shoulder_L_abd_smoothed,shoulder_R_abd_raw,shoulder_R_abd_smoothed
10.204000000027008,8.312928260811892,8.312928260811892,13.509713017443204,13.509713017443204
t,shoulder_L_abd_raw,shoulder_L_abd_smoothed,shoulder_R_abd_raw,shoulder_R_abd_smoothed
10.204000000027008,8.312928260811892,8.312928260811892,13.509713017443204,13.509713017443204
t,shoulder_L_abd_raw,shoulder_L_abd_smoothed,shoulder_R_abd_raw,shoulder_R_abd_smoothed
10.204000000027008,8.312928260811892,8.312928260811892,13.509713017443204,13.509713017443204
t,shoulder_L_abd_raw,shoulder_L_abd_smoothed,shoulder_R_abd_raw,shoulder_R_abd_smoothed
10.235000000044238,8.312928260811892,8.312928260811892,13.509713017443204,13.509713017443204
t,shoulder_L_abd_raw,shoulder_L_abd_smoothed,shoulder_R_abd_raw,shoulder_R_abd_smoothed
10.235000000044238,8.312928260811892,8.312928260811892,13.509713017443204,13.509713017443204
t,shoulder_L_abd_raw,shoulder_L_abd_smoothed,shoulder_R_abd_raw,shoulder_R_abd_smoothed
10.235000000044238,8.312928260811892,8.312928260811892,13.509713017443204,13.509713017443204
t,shoulder_L_abd_raw,shoulder_L_abd_smoothed,shoulder_R_abd_raw,shoulder_R_abd_smoothed
10.235000000044238,8.312928260811892,8.312928260811892,13.509713017443204,13.509713017443204
t,shoulder_L_abd_raw,shoulder_L_abd_smoothed,shoulder_R_abd_raw,shoulder_R_abd_smoothed
10.26600000000326,8.312928260811892,8.312928260811892,13.509713017443204,13.509713017443204
t,shoulder_L_abd_raw,shoulder_L_abd_smoothed,shoulder_R_abd_raw,shoulder_R_abd_smoothed
10.26600000000326,8.312928260811892,8.312928260811892,13.509713017443204,13.509713017443204
t,shoulder_L_abd_raw,shoulder_L_abd_smoothed,shoulder_R_abd_raw,shoulder_R_abd_smoothed
10.26600000000326,8.312928260811892,8.312928260811892,13.509713017443204,13.509713017443204
t,shoulder_L_abd_raw,shoulder_L_abd_smoothed,shoulder_R_abd_raw,shoulder_R_abd_smoothed
10.26600000000326,8.312928260811892,8.312928260811892,13.509713017443204,13.509713017443204
t,shoulder_L_abd_raw,shoulder_L_abd_smoothed,shoulder_R_abd_raw,shoulder_R_abd_smoothed
10.297000000020489,7.880252235811402,7.880252235811402,13.562866595962456,13.562866595962456
t,shoulder_L_abd_raw,shoulder_L_abd_smoothed,shoulder_R_abd_raw,shoulder_R_abd_smoothed
10.297000000020489,7.880252235811402,7.880252235811402,13.562866595962456,13.562866595962456
t,shoulder_L_abd_raw,shoulder_L_abd_smoothed,shoulder_R_abd_raw,shoulder_R_abd_smoothed
10.297000000020489,7.880252235811402,7.880252235811402,13.562866595962456,13.562866595962456
t,shoulder_L_abd_raw,shoulder_L_abd_smoothed,shoulder_R_abd_raw,shoulder_R_abd_smoothed
10.297000000020489,7.880252235811402,7.880252235811402,13.562866595962456,13.562866595962456
t,shoulder_L_abd_raw,shoulder_L_abd_smoothed,shoulder_R_abd_raw,shoulder_R_abd_smoothed
10.313000000023749,7.880252235811402,7.880252235811402,13.562866595962456,13.562866595962456
t,shoulder_L_abd_raw,shoulder_L_abd_smoothed,shoulder_R_abd_raw,shoulder_R_abd_smoothed
10.313000000023749,7.880252235811402,7.880252235811402,13.562866595962456,13.562866595962456
t,shoulder_L_abd_raw,shoulder_L_abd_smoothed,shoulder_R_abd_raw,shoulder_R_abd_smoothed
10.313000000023749,7.880252235811402,7.880252235811402,13.562866595962456,13.562866595962456
t,shoulder_L_abd_raw,shoulder_L_abd_smoothed,shoulder_R_abd_raw,shoulder_R_abd_smoothed
10.313000000023749,7.880252235811402,7.880252235811402,13.562866595962456,13.562866595962456
t,shoulder_L_abd_raw,shoulder_L_abd_smoothed,shoulder_R_abd_raw,shoulder_R_abd_smoothed
10.344000000040978,7.880252235811402,7.880252235811402,13.562866595962456,13.562866595962456
t,shoulder_L_abd_raw,shoulder_L_abd_smoothed,shoulder_R_abd_raw,shoulder_R_abd_smoothed
10.344000000040978,7.880252235811402,7.880252235811402,13.562866595962456,13.562866595962456
t,shoulder_L_abd_raw,shoulder_L_abd_smoothed,shoulder_R_abd_raw,shoulder_R_abd_smoothed
10.344000000040978,7.880252235811402,7.880252235811402,13.562866595962456,13.562866595962456
t,shoulder_L_abd_raw,shoulder_L_abd_smoothed,shoulder_R_abd_raw,shoulder_R_abd_smoothed
10.344000000040978,7.880252235811402,7.880252235811402,13.562866595962456,13.562866595962456
t,shoulder_L_abd_raw,shoulder_L_abd_smoothed,shoulder_R_abd_raw,shoulder_R_abd_smoothed
10.375,7.880252235811402,7.880252235811402,13.562866595962456,13.562866595962456
t,shoulder_L_abd_raw,shoulder_L_abd_smoothed,shoulder_R_abd_raw,shoulder_R_abd_smoothed
10.375,7.880252235811402,7.880252235811402,13.562866595962456,13.562866595962456
t,shoulder_L_abd_raw,shoulder_L_abd_smoothed,shoulder_R_abd_raw,shoulder_R_abd_smoothed
10.375,7.880252235811402,7.880252235811402,13.562866595962456,13.562866595962456
t,shoulder_L_abd_raw,shoulder_L_abd_smoothed,shoulder_R_abd_raw,shoulder_R_abd_smoothed
10.375,7.880252235811402,7.880252235811402,13.562866595962456,13.562866595962456
t,shoulder_L_abd_raw,shoulder_L_abd_smoothed,shoulder_R_abd_raw,shoulder_R_abd_smoothed
10.40700000000652,8.005011334914967,8.005011334914967,13.083765034559107,13.083765034559107
t,shoulder_L_abd_raw,shoulder_L_abd_smoothed,shoulder_R_abd_raw,shoulder_R_abd_smoothed
10.40700000000652,8.005011334914967,8.005011334914967,13.083765034559107,13.083765034559107
t,shoulder_L_abd_raw,shoulder_L_abd_smoothed,shoulder_R_abd_raw,shoulder_R_abd_smoothed
10.40700000000652,8.005011334914967,8.005011334914967,13.083765034559107,13.083765034559107
t,shoulder_L_abd_raw,shoulder_L_abd_smoothed,shoulder_R_abd_raw,shoulder_R_abd_smoothed
10.40700000000652,8.005011334914967,8.005011334914967,13.083765034559107,13.083765034559107
t,shoulder_L_abd_raw,shoulder_L_abd_smoothed,shoulder_R_abd_raw,shoulder_R_abd_smoothed
10.438000000023749,8.005011334914967,8.005011334914967,13.083765034559107,13.083765034559107
t,shoulder_L_abd_raw,shoulder_L_abd_smoothed,shoulder_R_abd_raw,shoulder_R_abd_smoothed
10.438000000023749,8.005011334914967,8.005011334914967,13.083765034559107,13.083765034559107
t,shoulder_L_abd_raw,shoulder_L_abd_smoothed,shoulder_R_abd_raw,shoulder_R_abd_smoothed
10.438000000023749,8.005011334914967,8.005011334914967,13.083765034559107,13.083765034559107
t,shoulder_L_abd_raw,shoulder_L_abd_smoothed,shoulder_R_abd_raw,shoulder_R_abd_smoothed
10.438000000023749,8.005011334914967,8.005011334914967,13.083765034559107,13.083765034559107
t,shoulder_L_abd_raw,shoulder_L_abd_smoothed,shoulder_R_abd_raw,shoulder_R_abd_smoothed
10.454000000027008,8.005011334914967,8.005011334914967,13.083765034559107,13.083765034559107
t,shoulder_L_abd_raw,shoulder_L_abd_smoothed,shoulder_R_abd_raw,shoulder_R_abd_smoothed
10.454000000027008,8.005011334914967,8.005011334914967,13.083765034559107,13.083765034559107
t,shoulder_L_abd_raw,shoulder_L_abd_smoothed,shoulder_R_abd_raw,shoulder_R_abd_smoothed
10.454000000027008,8.005011334914967,8.005011334914967,13.083765034559107,13.083765034559107
t,shoulder_L_abd_raw,shoulder_L_abd_smoothed,shoulder_R_abd_raw,shoulder_R_abd_smoothed
10.454000000027008,8.005011334914967,8.005011334914967,13.083765034559107,13.083765034559107
t,shoulder_L_abd_raw,shoulder_L_abd_smoothed,shoulder_R_abd_raw,shoulder_R_abd_smoothed
10.5,7.990529629525726,7.990529629525726,22.38447752990853,22.38447752990853
t,shoulder_L_abd_raw,shoulder_L_abd_smoothed,shoulder_R_abd_raw,shoulder_R_abd_smoothed
10.5,7.990529629525726,7.990529629525726,22.38447752990853,22.38447752990853
t,shoulder_L_abd_raw,shoulder_L_abd_smoothed,shoulder_R_abd_raw,shoulder_R_abd_smoothed
10.5,7.990529629525726,7.990529629525726,22.38447752990853,22.38447752990853
t,shoulder_L_abd_raw,shoulder_L_abd_smoothed,shoulder_R_abd_raw,shoulder_R_abd_smoothed
10.5,7.990529629525726,7.990529629525726,22.38447752990853,22.38447752990853
t,shoulder_L_abd_raw,shoulder_L_abd_smoothed,shoulder_R_abd_raw,shoulder_R_abd_smoothed
10.53200000000652,7.990529629525726,7.990529629525726,22.38447752990853,22.38447752990853
t,shoulder_L_abd_raw,shoulder_L_abd_smoothed,shoulder_R_abd_raw,shoulder_R_abd_smoothed
10.53200000000652,7.990529629525726,7.990529629525726,22.38447752990853,22.38447752990853
t,shoulder_L_abd_raw,shoulder_L_abd_smoothed,shoulder_R_abd_raw,shoulder_R_abd_smoothed
10.53200000000652,7.990529629525726,7.990529629525726,22.38447752990853,22.38447752990853
t,shoulder_L_abd_raw,shoulder_L_abd_smoothed,shoulder_R_abd_raw,shoulder_R_abd_smoothed
10.53200000000652,7.990529629525726,7.990529629525726,22.38447752990853,22.38447752990853
t,shoulder_L_abd_raw,shoulder_L_abd_smoothed,shoulder_R_abd_raw,shoulder_R_abd_smoothed
10.594000000040978,8.232848380441244,8.232848380441244,13.651385610995362,13.651385610995362
t,shoulder_L_abd_raw,shoulder_L_abd_smoothed,shoulder_R_abd_raw,shoulder_R_abd_smoothed
10.594000000040978,8.232848380441244,8.232848380441244,13.651385610995362,13.651385610995362
t,shoulder_L_abd_raw,shoulder_L_abd_smoothed,shoulder_R_abd_raw,shoulder_R_abd_smoothed
10.594000000040978,8.232848380441244,8.232848380441244,13.651385610995362,13.651385610995362
t,shoulder_L_abd_raw,shoulder_L_abd_smoothed,shoulder_R_abd_raw,shoulder_R_abd_smoothed
10.594000000040978,8.232848380441244,8.232848380441244,13.651385610995362,13.651385610995362
t,shoulder_L_abd_raw,shoulder_L_abd_smoothed,shoulder_R_abd_raw,shoulder_R_abd_smoothed
10.625,8.232848380441244,8.232848380441244,13.651385610995362,13.651385610995362
t,shoulder_L_abd_raw,shoulder_L_abd_smoothed,shoulder_R_abd_raw,shoulder_R_abd_smoothed
10.625,8.232848380441244,8.232848380441244,13.651385610995362,13.651385610995362
t,shoulder_L_abd_raw,shoulder_L_abd_smoothed,shoulder_R_abd_raw,shoulder_R_abd_smoothed
10.625,8.232848380441244,8.232848380441244,13.651385610995362,13.651385610995362
t,shoulder_L_abd_raw,shoulder_L_abd_smoothed,shoulder_R_abd_raw,shoulder_R_abd_smoothed
10.625,8.232848380441244,8.232848380441244,13.651385610995362,13.651385610995362
t,shoulder_L_abd_raw,shoulder_L_abd_smoothed,shoulder_R_abd_raw,shoulder_R_abd_smoothed
10.65700000000652,8.232848380441244,8.232848380441244,13.651385610995362,13.651385610995362
t,shoulder_L_abd_raw,shoulder_L_abd_smoothed,shoulder_R_abd_raw,shoulder_R_abd_smoothed
10.65700000000652,8.232848380441244,8.232848380441244,13.651385610995362,13.651385610995362
t,shoulder_L_abd_raw,shoulder_L_abd_smoothed,shoulder_R_abd_raw,shoulder_R_abd_smoothed
10.65700000000652,8.232848380441244,8.232848380441244,13.651385610995362,13.651385610995362
t,shoulder_L_abd_raw,shoulder_L_abd_smoothed,shoulder_R_abd_raw,shoulder_R_abd_smoothed
10.65700000000652,8.232848380441244,8.232848380441244,13.651385610995362,13.651385610995362
t,shoulder_L_abd_raw,shoulder_L_abd_smoothed,shoulder_R_abd_raw,shoulder_R_abd_smoothed
10.719000000040978,8.524773248777995,8.524773248777995,22.593656102165358,22.593656102165358
t,shoulder_L_abd_raw,shoulder_L_abd_smoothed,shoulder_R_abd_raw,shoulder_R_abd_smoothed
10.719000000040978,8.524773248777995,8.524773248777995,22.593656102165358,22.593656102165358
t,shoulder_L_abd_raw,shoulder_L_abd_smoothed,shoulder_R_abd_raw,shoulder_R_abd_smoothed
10.719000000040978,8.524773248777995,8.524773248777995,22.593656102165358,22.593656102165358
t,shoulder_L_abd_raw,shoulder_L_abd_smoothed,shoulder_R_abd_raw,shoulder_R_abd_smoothed
10.719000000040978,8.524773248777995,8.524773248777995,22.593656102165358,22.593656102165358
t,shoulder_L_abd_raw,shoulder_L_abd_smoothed,shoulder_R_abd_raw,shoulder_R_abd_smoothed
10.735000000044238,8.524773248777995,8.524773248777995,22.593656102165358,22.593656102165358
t,shoulder_L_abd_raw,shoulder_L_abd_smoothed,shoulder_R_abd_raw,shoulder_R_abd_smoothed
10.735000000044238,8.524773248777995,8.524773248777995,22.593656102165358,22.593656102165358
t,shoulder_L_abd_raw,shoulder_L_abd_smoothed,shoulder_R_abd_raw,shoulder_R_abd_smoothed
10.735000000044238,8.524773248777995,8.524773248777995,22.593656102165358,22.593656102165358
t,shoulder_L_abd_raw,shoulder_L_abd_smoothed,shoulder_R_abd_raw,shoulder_R_abd_smoothed
10.735000000044238,8.524773248777995,8.524773248777995,22.593656102165358,22.593656102165358
t,shoulder_L_abd_raw,shoulder_L_abd_smoothed,shoulder_R_abd_raw,shoulder_R_abd_smoothed
10.76600000000326,8.524773248777995,8.524773248777995,22.593656102165358,22.593656102165358
t,shoulder_L_abd_raw,shoulder_L_abd_smoothed,shoulder_R_abd_raw,shoulder_R_abd_smoothed
10.76600000000326,8.524773248777995,8.524773248777995,22.593656102165358,22.593656102165358
t,shoulder_L_abd_raw,shoulder_L_abd_smoothed,shoulder_R_abd_raw,shoulder_R_abd_smoothed
10.76600000000326,8.524773248777995,8.524773248777995,22.593656102165358,22.593656102165358
t,shoulder_L_abd_raw,shoulder_L_abd_smoothed,shoulder_R_abd_raw,shoulder_R_abd_smoothed
10.76600000000326,8.524773248777995,8.524773248777995,22.593656102165358,22.593656102165358
t,shoulder_L_abd_raw,shoulder_L_abd_smoothed,shoulder_R_abd_raw,shoulder_R_abd_smoothed
10.797000000020489,8.524773248777995,8.524773248777995,22.593656102165358,22.593656102165358
t,shoulder_L_abd_raw,shoulder_L_abd_smoothed,shoulder_R_abd_raw,shoulder_R_abd_smoothed
10.797000000020489,8.524773248777995,8.524773248777995,22.593656102165358,22.593656102165358
t,shoulder_L_abd_raw,shoulder_L_abd_smoothed,shoulder_R_abd_raw,shoulder_R_abd_smoothed
10.797000000020489,8.524773248777995,8.524773248777995,22.593656102165358,22.593656102165358
t,shoulder_L_abd_raw,shoulder_L_abd_smoothed,shoulder_R_abd_raw,shoulder_R_abd_smoothed
10.797000000020489,8.524773248777995,8.524773248777995,22.593656102165358,22.593656102165358
t,shoulder_L_abd_raw,shoulder_L_abd_smoothed,shoulder_R_abd_raw,shoulder_R_abd_smoothed
10.813000000023749,8.060366260537965,8.060366260537965,13.245887992555165,13.245887992555165
t,shoulder_L_abd_raw,shoulder_L_abd_smoothed,shoulder_R_abd_raw,shoulder_R_abd_smoothed
10.813000000023749,8.060366260537965,8.060366260537965,13.245887992555165,13.245887992555165
t,shoulder_L_abd_raw,shoulder_L_abd_smoothed,shoulder_R_abd_raw,shoulder_R_abd_smoothed
10.813000000023749,8.060366260537965,8.060366260537965,13.245887992555165,13.245887992555165
t,shoulder_L_abd_raw,shoulder_L_abd_smoothed,shoulder_R_abd_raw,shoulder_R_abd_smoothed
10.813000000023749,8.060366260537965,8.060366260537965,13.245887992555165,13.245887992555165
t,shoulder_L_abd_raw,shoulder_L_abd_smoothed,shoulder_R_abd_raw,shoulder_R_abd_smoothed
10.844000000040978,8.060366260537965,8.060366260537965,13.245887992555165,13.245887992555165
t,shoulder_L_abd_raw,shoulder_L_abd_smoothed,shoulder_R_abd_raw,shoulder_R_abd_smoothed
10.844000000040978,8.060366260537965,8.060366260537965,13.245887992555165,13.245887992555165
t,shoulder_L_abd_raw,shoulder_L_abd_smoothed,shoulder_R_abd_raw,shoulder_R_abd_smoothed
10.844000000040978,8.060366260537965,8.060366260537965,13.245887992555165,13.245887992555165
t,shoulder_L_abd_raw,shoulder_L_abd_smoothed,shoulder_R_abd_raw,shoulder_R_abd_smoothed
10.844000000040978,8.060366260537965,8.060366260537965,13.245887992555165,13.245887992555165
t,shoulder_L_abd_raw,shoulder_L_abd_smoothed,shoulder_R_abd_raw,shoulder_R_abd_smoothed
10.860000000044238,8.060366260537965,8.060366260537965,13.245887992555165,13.245887992555165
t,shoulder_L_abd_raw,shoulder_L_abd_smoothed,shoulder_R_abd_raw,shoulder_R_abd_smoothed
10.860000000044238,8.060366260537965,8.060366260537965,13.245887992555165,13.245887992555165
t,shoulder_L_abd_raw,shoulder_L_abd_smoothed,shoulder_R_abd_raw,shoulder_R_abd_smoothed
10.860000000044238,8.060366260537965,8.060366260537965,13.245887992555165,13.245887992555165
t,shoulder_L_abd_raw,shoulder_L_abd_smoothed,shoulder_R_abd_raw,shoulder_R_abd_smoothed
10.860000000044238,8.060366260537965,8.060366260537965,13.245887992555165,13.245887992555165
t,shoulder_L_abd_raw,shoulder_L_abd_smoothed,shoulder_R_abd_raw,shoulder_R_abd_smoothed
10.90700000000652,8.286217674173603,8.286217674173603,13.379811563548468,13.379811563548468
t,shoulder_L_abd_raw,shoulder_L_abd_smoothed,shoulder_R_abd_raw,shoulder_R_abd_smoothed
10.90700000000652,8.286217674173603,8.286217674173603,13.379811563548468,13.379811563548468
t,shoulder_L_abd_raw,shoulder_L_abd_smoothed,shoulder_R_abd_raw,shoulder_R_abd_smoothed
10.90700000000652,8.286217674173603,8.286217674173603,13.379811563548468,13.379811563548468
t,shoulder_L_abd_raw,shoulder_L_abd_smoothed,shoulder_R_abd_raw,shoulder_R_abd_smoothed
10.90700000000652,8.286217674173603,8.286217674173603,13.379811563548468,13.379811563548468
t,shoulder_L_abd_raw,shoulder_L_abd_smoothed,shoulder_R_abd_raw,shoulder_R_abd_smoothed
10.922000000020489,8.286217674173603,8.286217674173603,13.379811563548468,13.379811563548468
t,shoulder_L_abd_raw,shoulder_L_abd_smoothed,shoulder_R_abd_raw,shoulder_R_abd_smoothed
10.922000000020489,8.286217674173603,8.286217674173603,13.379811563548468,13.379811563548468
t,shoulder_L_abd_raw,shoulder_L_abd_smoothed,shoulder_R_abd_raw,shoulder_R_abd_smoothed
10.922000000020489,8.286217674173603,8.286217674173603,13.379811563548468,13.379811563548468
t,shoulder_L_abd_raw,shoulder_L_abd_smoothed,shoulder_R_abd_raw,shoulder_R_abd_smoothed
10.922000000020489,8.286217674173603,8.286217674173603,13.379811563548468,13.379811563548468
t,shoulder_L_abd_raw,shoulder_L_abd_smoothed,shoulder_R_abd_raw,shoulder_R_abd_smoothed
11.0,8.610963916166716,8.610963916166716,22.708757640073536,22.708757640073536
t,shoulder_L_abd_raw,shoulder_L_abd_smoothed,shoulder_R_abd_raw,shoulder_R_abd_smoothed
11.0,8.610963916166716,8.610963916166716,22.708757640073536,22.708757640073536
t,shoulder_L_abd_raw,shoulder_L_abd_smoothed,shoulder_R_abd_raw,shoulder_R_abd_smoothed
11.0,8.610963916166716,8.610963916166716,22.708757640073536,22.708757640073536
t,shoulder_L_abd_raw,shoulder_L_abd_smoothed,shoulder_R_abd_raw,shoulder_R_abd_smoothed
11.0,8.610963916166716,8.610963916166716,22.708757640073536,22.708757640073536
t,shoulder_L_abd_raw,shoulder_L_abd_smoothed,shoulder_R_abd_raw,shoulder_R_abd_smoothed
11.01600000000326,8.610963916166716,8.610963916166716,22.708757640073536,22.708757640073536
t,shoulder_L_abd_raw,shoulder_L_abd_smoothed,shoulder_R_abd_raw,shoulder_R_abd_smoothed
11.01600000000326,8.610963916166716,8.610963916166716,22.708757640073536,22.708757640073536
t,shoulder_L_abd_raw,shoulder_L_abd_smoothed,shoulder_R_abd_raw,shoulder_R_abd_smoothed
11.01600000000326,8.610963916166716,8.610963916166716,22.708757640073536,22.708757640073536
t,shoulder_L_abd_raw,shoulder_L_abd_smoothed,shoulder_R_abd_raw,shoulder_R_abd_smoothed
11.01600000000326,8.610963916166716,8.610963916166716,22.708757640073536,22.708757640073536
t,shoulder_L_abd_raw,shoulder_L_abd_smoothed,shoulder_R_abd_raw,shoulder_R_abd_smoothed
11.047000000020489,8.610963916166716,8.610963916166716,22.708757640073536,22.708757640073536
t,shoulder_L_abd_raw,shoulder_L_abd_smoothed,shoulder_R_abd_raw,shoulder_R_abd_smoothed
11.047000000020489,8.610963916166716,8.610963916166716,22.708757640073536,22.708757640073536
t,shoulder_L_abd_raw,shoulder_L_abd_smoothed,shoulder_R_abd_raw,shoulder_R_abd_smoothed
11.047000000020489,8.610963916166716,8.610963916166716,22.708757640073536,22.708757640073536
t,shoulder_L_abd_raw,shoulder_L_abd_smoothed,shoulder_R_abd_raw,shoulder_R_abd_smoothed
11.047000000020489,8.610963916166716,8.610963916166716,22.708757640073536,22.708757640073536
t,shoulder_L_abd_raw,shoulder_L_abd_smoothed,shoulder_R_abd_raw,shoulder_R_abd_smoothed
11.079000000027008,8.610963916166716,8.610963916166716,22.708757640073536,22.708757640073536
t,shoulder_L_abd_raw,shoulder_L_abd_smoothed,shoulder_R_abd_raw,shoulder_R_abd_smoothed
11.079000000027008,8.610963916166716,8.610963916166716,22.708757640073536,22.708757640073536
t,shoulder_L_abd_raw,shoulder_L_abd_smoothed,shoulder_R_abd_raw,shoulder_R_abd_smoothed
11.079000000027008,8.610963916166716,8.610963916166716,22.708757640073536,22.708757640073536
t,shoulder_L_abd_raw,shoulder_L_abd_smoothed,shoulder_R_abd_raw,shoulder_R_abd_smoothed
11.079000000027008,8.610963916166716,8.610963916166716,22.708757640073536,22.708757640073536
t,shoulder_L_abd_raw,shoulder_L_abd_smoothed,shoulder_R_abd_raw,shoulder_R_abd_smoothed
11.110000000044238,8.116265338542878,8.116265338542878,13.060542540088903,13.060542540088903
t,shoulder_L_abd_raw,shoulder_L_abd_smoothed,shoulder_R_abd_raw,shoulder_R_abd_smoothed
11.110000000044238,8.116265338542878,8.116265338542878,13.060542540088903,13.060542540088903
t,shoulder_L_abd_raw,shoulder_L_abd_smoothed,shoulder_R_abd_raw,shoulder_R_abd_smoothed
11.110000000044238,8.116265338542878,8.116265338542878,13.060542540088903,13.060542540088903
t,shoulder_L_abd_raw,shoulder_L_abd_smoothed,shoulder_R_abd_raw,shoulder_R_abd_smoothed
11.110000000044238,8.116265338542878,8.116265338542878,13.060542540088903,13.060542540088903
t,shoulder_L_abd_raw,shoulder_L_abd_smoothed,shoulder_R_abd_raw,shoulder_R_abd_smoothed
11.14100000000326,8.116265338542878,8.116265338542878,13.060542540088903,13.060542540088903
t,shoulder_L_abd_raw,shoulder_L_abd_smoothed,shoulder_R_abd_raw,shoulder_R_abd_smoothed
11.14100000000326,8.116265338542878,8.116265338542878,13.060542540088903,13.060542540088903
t,shoulder_L_abd_raw,shoulder_L_abd_smoothed,shoulder_R_abd_raw,shoulder_R_abd_smoothed
11.14100000000326,8.116265338542878,8.116265338542878,13.060542540088903,13.060542540088903
t,shoulder_L_abd_raw,shoulder_L_abd_smoothed,shoulder_R_abd_raw,shoulder_R_abd_smoothed
11.14100000000326,8.116265338542878,8.116265338542878,13.060542540088903,13.060542540088903
t,shoulder_L_abd_raw,shoulder_L_abd_smoothed,shoulder_R_abd_raw,shoulder_R_abd_smoothed
11.172000000020489,8.116265338542878,8.116265338542878,13.060542540088903,13.060542540088903
t,shoulder_L_abd_raw,shoulder_L_abd_smoothed,shoulder_R_abd_raw,shoulder_R_abd_smoothed
11.172000000020489,8.116265338542878,8.116265338542878,13.060542540088903,13.060542540088903
t,shoulder_L_abd_raw,shoulder_L_abd_smoothed,shoulder_R_abd_raw,shoulder_R_abd_smoothed
11.172000000020489,8.116265338542878,8.116265338542878,13.060542540088903,13.060542540088903
t,shoulder_L_abd_raw,shoulder_L_abd_smoothed,shoulder_R_abd_raw,shoulder_R_abd_smoothed
11.172000000020489,8.116265338542878,8.116265338542878,13.060542540088903,13.060542540088903
t,shoulder_L_abd_raw,shoulder_L_abd_smoothed,shoulder_R_abd_raw,shoulder_R_abd_smoothed
11.204000000027008,7.9709501773219955,7.9709501773219955,13.453006940232509,13.453006940232509
t,shoulder_L_abd_raw,shoulder_L_abd_smoothed,shoulder_R_abd_raw,shoulder_R_abd_smoothed
11.204000000027008,7.9709501773219955,7.9709501773219955,13.453006940232509,13.453006940232509
t,shoulder_L_abd_raw,shoulder_L_abd_smoothed,shoulder_R_abd_raw,shoulder_R_abd_smoothed
11.204000000027008,7.9709501773219955,7.9709501773219955,13.453006940232509,13.453006940232509
t,shoulder_L_abd_raw,shoulder_L_abd_smoothed,shoulder_R_abd_raw,shoulder_R_abd_smoothed
11.204000000027008,7.9709501773219955,7.9709501773219955,13.453006940232509,13.453006940232509
t,shoulder_L_abd_raw,shoulder_L_abd_smoothed,shoulder_R_abd_raw,shoulder_R_abd_smoothed
11.235000000044238,7.9709501773219955,7.9709501773219955,13.453006940232509,13.453006940232509
t,shoulder_L_abd_raw,shoulder_L_abd_smoothed,shoulder_R_abd_raw,shoulder_R_abd_smoothed
11.235000000044238,7.9709501773219955,7.9709501773219955,13.453006940232509,13.453006940232509
t,shoulder_L_abd_raw,shoulder_L_abd_smoothed,shoulder_R_abd_raw,shoulder_R_abd_smoothed
11.235000000044238,7.9709501773219955,7.9709501773219955,13.453006940232509,13.453006940232509
t,shoulder_L_abd_raw,shoulder_L_abd_smoothed,shoulder_R_abd_raw,shoulder_R_abd_smoothed
11.235000000044238,7.9709501773219955,7.9709501773219955,13.453006940232509,13.453006940232509
t,shoulder_L_abd_raw,shoulder_L_abd_smoothed,shoulder_R_abd_raw,shoulder_R_abd_smoothed
11.25,7.9709501773219955,7.9709501773219955,13.453006940232509,13.453006940232509
t,shoulder_L_abd_raw,shoulder_L_abd_smoothed,shoulder_R_abd_raw,shoulder_R_abd_smoothed
11.25,7.9709501773219955,7.9709501773219955,13.453006940232509,13.453006940232509
t,shoulder_L_abd_raw,shoulder_L_abd_smoothed,shoulder_R_abd_raw,shoulder_R_abd_smoothed
11.25,7.9709501773219955,7.9709501773219955,13.453006940232509,13.453006940232509
t,shoulder_L_abd_raw,shoulder_L_abd_smoothed,shoulder_R_abd_raw,shoulder_R_abd_smoothed
11.25,7.9709501773219955,7.9709501773219955,13.453006940232509,13.453006940232509
t,shoulder_L_abd_raw,shoulder_L_abd_smoothed,shoulder_R_abd_raw,shoulder_R_abd_smoothed
11.297000000020489,8.576682414100237,8.576682414100237,22.899399032773555,22.899399032773555
t,shoulder_L_abd_raw,shoulder_L_abd_smoothed,shoulder_R_abd_raw,shoulder_R_abd_smoothed
11.297000000020489,8.576682414100237,8.576682414100237,22.899399032773555,22.899399032773555
t,shoulder_L_abd_raw,shoulder_L_abd_smoothed,shoulder_R_abd_raw,shoulder_R_abd_smoothed
11.297000000020489,8.576682414100237,8.576682414100237,22.899399032773555,22.899399032773555
t,shoulder_L_abd_raw,shoulder_L_abd_smoothed,shoulder_R_abd_raw,shoulder_R_abd_smoothed
11.297000000020489,8.576682414100237,8.576682414100237,22.899399032773555,22.899399032773555
t,shoulder_L_abd_raw,shoulder_L_abd_smoothed,shoulder_R_abd_raw,shoulder_R_abd_smoothed
11.329000000027008,8.576682414100237,8.576682414100237,22.899399032773555,22.899399032773555
t,shoulder_L_abd_raw,shoulder_L_abd_smoothed,shoulder_R_abd_raw,shoulder_R_abd_smoothed
11.329000000027008,8.576682414100237,8.576682414100237,22.899399032773555,22.899399032773555
t,shoulder_L_abd_raw,shoulder_L_abd_smoothed,shoulder_R_abd_raw,shoulder_R_abd_smoothed
11.329000000027008,8.576682414100237,8.576682414100237,22.899399032773555,22.899399032773555
t,shoulder_L_abd_raw,shoulder_L_abd_smoothed,shoulder_R_abd_raw,shoulder_R_abd_smoothed
11.329000000027008,8.576682414100237,8.576682414100237,22.899399032773555,22.899399032773555
t,shoulder_L_abd_raw,shoulder_L_abd_smoothed,shoulder_R_abd_raw,shoulder_R_abd_smoothed
11.39100000000326,7.933948500820553,7.933948500820553,13.601258411240313,13.601258411240313
t,shoulder_L_abd_raw,shoulder_L_abd_smoothed,shoulder_R_abd_raw,shoulder_R_abd_smoothed
11.39100000000326,7.933948500820553,7.933948500820553,13.601258411240313,13.601258411240313
t,shoulder_L_abd_raw,shoulder_L_abd_smoothed,shoulder_R_abd_raw,shoulder_R_abd_smoothed
11.39100000000326,7.933948500820553,7.933948500820553,13.601258411240313,13.601258411240313
t,shoulder_L_abd_raw,shoulder_L_abd_smoothed,shoulder_R_abd_raw,shoulder_R_abd_smoothed
11.39100000000326,7.933948500820553,7.933948500820553,13.601258411240313,13.601258411240313
t,shoulder_L_abd_raw,shoulder_L_abd_smoothed,shoulder_R_abd_raw,shoulder_R_abd_smoothed
11.422000000020489,7.933948500820553,7.933948500820553,13.601258411240313,13.601258411240313
t,shoulder_L_abd_raw,shoulder_L_abd_smoothed,shoulder_R_abd_raw,shoulder_R_abd_smoothed
11.422000000020489,7.933948500820553,7.933948500820553,13.601258411240313,13.601258411240313
t,shoulder_L_abd_raw,shoulder_L_abd_smoothed,shoulder_R_abd_raw,shoulder_R_abd_smoothed
11.422000000020489,7.933948500820553,7.933948500820553,13.601258411240313,13.601258411240313
t,shoulder_L_abd_raw,shoulder_L_abd_smoothed,shoulder_R_abd_raw,shoulder_R_abd_smoothed
11.422000000020489,7.933948500820553,7.933948500820553,13.601258411240313,13.601258411240313
t,shoulder_L_abd_raw,shoulder_L_abd_smoothed,shoulder_R_abd_raw,shoulder_R_abd_smoothed
11.454000000027008,7.933948500820553,7.933948500820553,13.601258411240313,13.601258411240313
t,shoulder_L_abd_raw,shoulder_L_abd_smoothed,shoulder_R_abd_raw,shoulder_R_abd_smoothed
11.454000000027008,7.933948500820553,7.933948500820553,13.601258411240313,13.601258411240313
t,shoulder_L_abd_raw,shoulder_L_abd_smoothed,shoulder_R_abd_raw,shoulder_R_abd_smoothed
11.454000000027008,7.933948500820553,7.933948500820553,13.601258411240313,13.601258411240313
t,shoulder_L_abd_raw,shoulder_L_abd_smoothed,shoulder_R_abd_raw,shoulder_R_abd_smoothed
11.454000000027008,7.933948500820553,7.933948500820553,13.601258411240313,13.601258411240313
t,shoulder_L_abd_raw,shoulder_L_abd_smoothed,shoulder_R_abd_raw,shoulder_R_abd_smoothed
11.469000000040978,7.933948500820553,7.933948500820553,13.601258411240313,13.601258411240313
t,shoulder_L_abd_raw,shoulder_L_abd_smoothed,shoulder_R_abd_raw,shoulder_R_abd_smoothed
11.469000000040978,7.933948500820553,7.933948500820553,13.601258411240313,13.601258411240313
t,shoulder_L_abd_raw,shoulder_L_abd_smoothed,shoulder_R_abd_raw,shoulder_R_abd_smoothed
11.469000000040978,7.933948500820553,7.933948500820553,13.601258411240313,13.601258411240313
t,shoulder_L_abd_raw,shoulder_L_abd_smoothed,shoulder_R_abd_raw,shoulder_R_abd_smoothed
11.469000000040978,7.933948500820553,7.933948500820553,13.601258411240313,13.601258411240313
t,shoulder_L_abd_raw,shoulder_L_abd_smoothed,shoulder_R_abd_raw,shoulder_R_abd_smoothed
11.51600000000326,7.963755775267778,7.963755775267778,12.926301650196693,12.926301650196693
t,shoulder_L_abd_raw,shoulder_L_abd_smoothed,shoulder_R_abd_raw,shoulder_R_abd_smoothed
11.51600000000326,7.963755775267778,7.963755775267778,12.926301650196693,12.926301650196693
t,shoulder_L_abd_raw,shoulder_L_abd_smoothed,shoulder_R_abd_raw,shoulder_R_abd_smoothed
11.51600000000326,7.963755775267778,7.963755775267778,12.926301650196693,12.926301650196693
t,shoulder_L_abd_raw,shoulder_L_abd_smoothed,shoulder_R_abd_raw,shoulder_R_abd_smoothed
11.51600000000326,7.963755775267778,7.963755775267778,12.926301650196693,12.926301650196693
t,shoulder_L_abd_raw,shoulder_L_abd_smoothed,shoulder_R_abd_raw,shoulder_R_abd_smoothed
11.53200000000652,7.963755775267778,7.963755775267778,12.926301650196693,12.926301650196693
t,shoulder_L_abd_raw,shoulder_L_abd_smoothed,shoulder_R_abd_raw,shoulder_R_abd_smoothed
11.53200000000652,7.963755775267778,7.963755775267778,12.926301650196693,12.926301650196693
t,shoulder_L_abd_raw,shoulder_L_abd_smoothed,shoulder_R_abd_raw,shoulder_R_abd_smoothed
11.53200000000652,7.963755775267778,7.963755775267778,12.926301650196693,12.926301650196693
t,shoulder_L_abd_raw,shoulder_L_abd_smoothed,shoulder_R_abd_raw,shoulder_R_abd_smoothed
11.53200000000652,7.963755775267778,7.963755775267778,12.926301650196693,12.926301650196693
t,shoulder_L_abd_raw,shoulder_L_abd_smoothed,shoulder_R_abd_raw,shoulder_R_abd_smoothed
11.563000000023749,7.963755775267778,7.963755775267778,12.926301650196693,12.926301650196693
t,shoulder_L_abd_raw,shoulder_L_abd_smoothed,shoulder_R_abd_raw,shoulder_R_abd_smoothed
11.563000000023749,7.963755775267778,7.963755775267778,12.926301650196693,12.926301650196693
t,shoulder_L_abd_raw,shoulder_L_abd_smoothed,shoulder_R_abd_raw,shoulder_R_abd_smoothed
11.563000000023749,7.963755775267778,7.963755775267778,12.926301650196693,12.926301650196693
t,shoulder_L_abd_raw,shoulder_L_abd_smoothed,shoulder_R_abd_raw,shoulder_R_abd_smoothed
11.563000000023749,7.963755775267778,7.963755775267778,12.926301650196693,12.926301650196693
t,shoulder_L_abd_raw,shoulder_L_abd_smoothed,shoulder_R_abd_raw,shoulder_R_abd_smoothed
11.610000000044238,8.052812417663606,8.052812417663606,13.132238597237528,13.132238597237528
t,shoulder_L_abd_raw,shoulder_L_abd_smoothed,shoulder_R_abd_raw,shoulder_R_abd_smoothed
11.610000000044238,8.052812417663606,8.052812417663606,13.132238597237528,13.132238597237528
t,shoulder_L_abd_raw,shoulder_L_abd_smoothed,shoulder_R_abd_raw,shoulder_R_abd_smoothed
11.610000000044238,8.052812417663606,8.052812417663606,13.132238597237528,13.132238597237528
t,shoulder_L_abd_raw,shoulder_L_abd_smoothed,shoulder_R_abd_raw,shoulder_R_abd_smoothed
11.610000000044238,8.052812417663606,8.052812417663606,13.132238597237528,13.132238597237528
t,shoulder_L_abd_raw,shoulder_L_abd_smoothed,shoulder_R_abd_raw,shoulder_R_abd_smoothed
11.64100000000326,8.052812417663606,8.052812417663606,13.132238597237528,13.132238597237528
t,shoulder_L_abd_raw,shoulder_L_abd_smoothed,shoulder_R_abd_raw,shoulder_R_abd_smoothed
11.64100000000326,8.052812417663606,8.052812417663606,13.132238597237528,13.132238597237528
t,shoulder_L_abd_raw,shoulder_L_abd_smoothed,shoulder_R_abd_raw,shoulder_R_abd_smoothed
11.64100000000326,8.052812417663606,8.052812417663606,13.132238597237528,13.132238597237528
t,shoulder_L_abd_raw,shoulder_L_abd_smoothed,shoulder_R_abd_raw,shoulder_R_abd_smoothed
11.64100000000326,8.052812417663606,8.052812417663606,13.132238597237528,13.132238597237528
t,shoulder_L_abd_raw,shoulder_L_abd_smoothed,shoulder_R_abd_raw,shoulder_R_abd_smoothed
11.65700000000652,8.052812417663606,8.052812417663606,13.132238597237528,13.132238597237528
t,shoulder_L_abd_raw,shoulder_L_abd_smoothed,shoulder_R_abd_raw,shoulder_R_abd_smoothed
11.65700000000652,8.052812417663606,8.052812417663606,13.132238597237528,13.132238597237528
t,shoulder_L_abd_raw,shoulder_L_abd_smoothed,shoulder_R_abd_raw,shoulder_R_abd_smoothed
11.65700000000652,8.052812417663606,8.052812417663606,13.132238597237528,13.132238597237528
t,shoulder_L_abd_raw,shoulder_L_abd_smoothed,shoulder_R_abd_raw,shoulder_R_abd_smoothed
11.65700000000652,8.052812417663606,8.052812417663606,13.132238597237528,13.132238597237528
t,shoulder_L_abd_raw,shoulder_L_abd_smoothed,shoulder_R_abd_raw,shoulder_R_abd_smoothed
11.704000000027008,7.814468856114616,7.814468856114616,13.714504871285877,13.714504871285877
t,shoulder_L_abd_raw,shoulder_L_abd_smoothed,shoulder_R_abd_raw,shoulder_R_abd_smoothed
11.704000000027008,7.814468856114616,7.814468856114616,13.714504871285877,13.714504871285877
t,shoulder_L_abd_raw,shoulder_L_abd_smoothed,shoulder_R_abd_raw,shoulder_R_abd_smoothed
11.704000000027008,7.814468856114616,7.814468856114616,13.714504871285877,13.714504871285877
t,shoulder_L_abd_raw,shoulder_L_abd_smoothed,shoulder_R_abd_raw,shoulder_R_abd_smoothed
11.704000000027008,7.814468856114616,7.814468856114616,13.714504871285877,13.714504871285877
t,shoulder_L_abd_raw,shoulder_L_abd_smoothed,shoulder_R_abd_raw,shoulder_R_abd_smoothed
11.735000000044238,7.814468856114616,7.814468856114616,13.714504871285877,13.714504871285877
t,shoulder_L_abd_raw,shoulder_L_abd_smoothed,shoulder_R_abd_raw,shoulder_R_abd_smoothed
11.735000000044238,7.814468856114616,7.814468856114616,13.714504871285877,13.714504871285877
t,shoulder_L_abd_raw,shoulder_L_abd_smoothed,shoulder_R_abd_raw,shoulder_R_abd_smoothed
11.735000000044238,7.814468856114616,7.814468856114616,13.714504871285877,13.714504871285877
t,shoulder_L_abd_raw,shoulder_L_abd_smoothed,shoulder_R_abd_raw,shoulder_R_abd_smoothed
11.735000000044238,7.814468856114616,7.814468856114616,13.714504871285877,13.714504871285877
t,shoulder_L_abd_raw,shoulder_L_abd_smoothed,shoulder_R_abd_raw,shoulder_R_abd_smoothed
11.797000000020489,8.209299788168595,8.209299788168595,13.726095746627447,13.726095746627447
t,shoulder_L_abd_raw,shoulder_L_abd_smoothed,shoulder_R_abd_raw,shoulder_R_abd_smoothed
11.797000000020489,8.209299788168595,8.209299788168595,13.726095746627447,13.726095746627447
t,shoulder_L_abd_raw,shoulder_L_abd_smoothed,shoulder_R_abd_raw,shoulder_R_abd_smoothed
11.797000000020489,8.209299788168595,8.209299788168595,13.726095746627447,13.726095746627447
t,shoulder_L_abd_raw,shoulder_L_abd_smoothed,shoulder_R_abd_raw,shoulder_R_abd_smoothed
11.797000000020489,8.209299788168595,8.209299788168595,13.726095746627447,13.726095746627447
t,shoulder_L_abd_raw,shoulder_L_abd_smoothed,shoulder_R_abd_raw,shoulder_R_abd_smoothed
11.829000000027008,8.209299788168595,8.209299788168595,13.726095746627447,13.726095746627447
t,shoulder_L_abd_raw,shoulder_L_abd_smoothed,shoulder_R_abd_raw,shoulder_R_abd_smoothed
11.829000000027008,8.209299788168595,8.209299788168595,13.726095746627447,13.726095746627447
t,shoulder_L_abd_raw,shoulder_L_abd_smoothed,shoulder_R_abd_raw,shoulder_R_abd_smoothed
11.829000000027008,8.209299788168595,8.209299788168595,13.726095746627447,13.726095746627447
t,shoulder_L_abd_raw,shoulder_L_abd_smoothed,shoulder_R_abd_raw,shoulder_R_abd_smoothed
11.829000000027008,8.209299788168595,8.209299788168595,13.726095746627447,13.726095746627447
t,shoulder_L_abd_raw,shoulder_L_abd_smoothed,shoulder_R_abd_raw,shoulder_R_abd_smoothed
11.844000000040978,8.209299788168595,8.209299788168595,13.726095746627447,13.726095746627447
t,shoulder_L_abd_raw,shoulder_L_abd_smoothed,shoulder_R_abd_raw,shoulder_R_abd_smoothed
11.844000000040978,8.209299788168595,8.209299788168595,13.726095746627447,13.726095746627447
t,shoulder_L_abd_raw,shoulder_L_abd_smoothed,shoulder_R_abd_raw,shoulder_R_abd_smoothed
11.844000000040978,8.209299788168595,8.209299788168595,13.726095746627447,13.726095746627447
t,shoulder_L_abd_raw,shoulder_L_abd_smoothed,shoulder_R_abd_raw,shoulder_R_abd_smoothed
11.844000000040978,8.209299788168595,8.209299788168595,13.726095746627447,13.726095746627447
t,shoulder_L_abd_raw,shoulder_L_abd_smoothed,shoulder_R_abd_raw,shoulder_R_abd_smoothed
11.875,8.209299788168595,8.209299788168595,13.726095746627447,13.726095746627447
t,shoulder_L_abd_raw,shoulder_L_abd_smoothed,shoulder_R_abd_raw,shoulder_R_abd_smoothed
11.875,8.209299788168595,8.209299788168595,13.726095746627447,13.726095746627447
t,shoulder_L_abd_raw,shoulder_L_abd_smoothed,shoulder_R_abd_raw,shoulder_R_abd_smoothed
11.875,8.209299788168595,8.209299788168595,13.726095746627447,13.726095746627447
t,shoulder_L_abd_raw,shoulder_L_abd_smoothed,shoulder_R_abd_raw,shoulder_R_abd_smoothed
11.875,8.209299788168595,8.209299788168595,13.726095746627447,13.726095746627447
t,shoulder_L_abd_raw,shoulder_L_abd_smoothed,shoulder_R_abd_raw,shoulder_R_abd_smoothed
11.90700000000652,7.755321174526174,7.755321174526174,13.923722190743776,13.923722190743776
t,shoulder_L_abd_raw,shoulder_L_abd_smoothed,shoulder_R_abd_raw,shoulder_R_abd_smoothed
11.90700000000652,7.755321174526174,7.755321174526174,13.923722190743776,13.923722190743776
t,shoulder_L_abd_raw,shoulder_L_abd_smoothed,shoulder_R_abd_raw,shoulder_R_abd_smoothed
11.90700000000652,7.755321174526174,7.755321174526174,13.923722190743776,13.923722190743776
t,shoulder_L_abd_raw,shoulder_L_abd_smoothed,shoulder_R_abd_raw,shoulder_R_abd_smoothed
11.90700000000652,7.755321174526174,7.755321174526174,13.923722190743776,13.923722190743776
t,shoulder_L_abd_raw,shoulder_L_abd_smoothed,shoulder_R_abd_raw,shoulder_R_abd_smoothed
11.938000000023749,7.755321174526174,7.755321174526174,13.923722190743776,13.923722190743776
t,shoulder_L_abd_raw,shoulder_L_abd_smoothed,shoulder_R_abd_raw,shoulder_R_abd_smoothed
11.938000000023749,7.755321174526174,7.755321174526174,13.923722190743776,13.923722190743776
t,shoulder_L_abd_raw,shoulder_L_abd_smoothed,shoulder_R_abd_raw,shoulder_R_abd_smoothed
11.938000000023749,7.755321174526174,7.755321174526174,13.923722190743776,13.923722190743776
t,shoulder_L_abd_raw,shoulder_L_abd_smoothed,shoulder_R_abd_raw,shoulder_R_abd_smoothed
11.938000000023749,7.755321174526174,7.755321174526174,13.923722190743776,13.923722190743776
t,shoulder_L_abd_raw,shoulder_L_abd_smoothed,shoulder_R_abd_raw,shoulder_R_abd_smoothed
11.969000000040978,7.755321174526174,7.755321174526174,13.923722190743776,13.923722190743776
t,shoulder_L_abd_raw,shoulder_L_abd_smoothed,shoulder_R_abd_raw,shoulder_R_abd_smoothed
11.969000000040978,7.755321174526174,7.755321174526174,13.923722190743776,13.923722190743776
t,shoulder_L_abd_raw,shoulder_L_abd_smoothed,shoulder_R_abd_raw,shoulder_R_abd_smoothed
11.969000000040978,7.755321174526174,7.755321174526174,13.923722190743776,13.923722190743776
t,shoulder_L_abd_raw,shoulder_L_abd_smoothed,shoulder_R_abd_raw,shoulder_R_abd_smoothed
11.969000000040978,7.755321174526174,7.755321174526174,13.923722190743776,13.923722190743776
t,shoulder_L_abd_raw,shoulder_L_abd_smoothed,shoulder_R_abd_raw,shoulder_R_abd_smoothed
12.0,7.902713204912672,7.902713204912672,14.123297859506037,14.123297859506037
t,shoulder_L_abd_raw,shoulder_L_abd_smoothed,shoulder_R_abd_raw,shoulder_R_abd_smoothed
12.0,7.902713204912672,7.902713204912672,14.123297859506037,14.123297859506037
t,shoulder_L_abd_raw,shoulder_L_abd_smoothed,shoulder_R_abd_raw,shoulder_R_abd_smoothed
12.0,7.902713204912672,7.902713204912672,14.123297859506037,14.123297859506037
t,shoulder_L_abd_raw,shoulder_L_abd_smoothed,shoulder_R_abd_raw,shoulder_R_abd_smoothed
12.0,7.902713204912672,7.902713204912672,14.123297859506037,14.123297859506037
t,shoulder_L_abd_raw,shoulder_L_abd_smoothed,shoulder_R_abd_raw,shoulder_R_abd_smoothed
12.03200000000652,7.902713204912672,7.902713204912672,14.123297859506037,14.123297859506037
t,shoulder_L_abd_raw,shoulder_L_abd_smoothed,shoulder_R_abd_raw,shoulder_R_abd_smoothed
12.03200000000652,7.902713204912672,7.902713204912672,14.123297859506037,14.123297859506037
t,shoulder_L_abd_raw,shoulder_L_abd_smoothed,shoulder_R_abd_raw,shoulder_R_abd_smoothed
12.03200000000652,7.902713204912672,7.902713204912672,14.123297859506037,14.123297859506037
t,shoulder_L_abd_raw,shoulder_L_abd_smoothed,shoulder_R_abd_raw,shoulder_R_abd_smoothed
12.03200000000652,7.902713204912672,7.902713204912672,14.123297859506037,14.123297859506037
t,shoulder_L_abd_raw,shoulder_L_abd_smoothed,shoulder_R_abd_raw,shoulder_R_abd_smoothed
12.063000000023749,7.902713204912672,7.902713204912672,14.123297859506037,14.123297859506037
t,shoulder_L_abd_raw,shoulder_L_abd_smoothed,shoulder_R_abd_raw,shoulder_R_abd_smoothed
12.063000000023749,7.902713204912672,7.902713204912672,14.123297859506037,14.123297859506037
t,shoulder_L_abd_raw,shoulder_L_abd_smoothed,shoulder_R_abd_raw,shoulder_R_abd_smoothed
12.063000000023749,7.902713204912672,7.902713204912672,14.123297859506037,14.123297859506037
t,shoulder_L_abd_raw,shoulder_L_abd_smoothed,shoulder_R_abd_raw,shoulder_R_abd_smoothed
12.063000000023749,7.902713204912672,7.902713204912672,14.123297859506037,14.123297859506037
t,shoulder_L_abd_raw,shoulder_L_abd_smoothed,shoulder_R_abd_raw,shoulder_R_abd_smoothed
12.110000000044238,8.305838994830475,8.305838994830475,22.31502776309141,22.31502776309141
t,shoulder_L_abd_raw,shoulder_L_abd_smoothed,shoulder_R_abd_raw,shoulder_R_abd_smoothed
12.110000000044238,8.305838994830475,8.305838994830475,22.31502776309141,22.31502776309141
t,shoulder_L_abd_raw,shoulder_L_abd_smoothed,shoulder_R_abd_raw,shoulder_R_abd_smoothed
12.110000000044238,8.305838994830475,8.305838994830475,22.31502776309141,22.31502776309141
t,shoulder_L_abd_raw,shoulder_L_abd_smoothed,shoulder_R_abd_raw,shoulder_R_abd_smoothed
12.110000000044238,8.305838994830475,8.305838994830475,22.31502776309141,22.31502776309141
t,shoulder_L_abd_raw,shoulder_L_abd_smoothed,shoulder_R_abd_raw,shoulder_R_abd_smoothed
12.125,8.305838994830475,8.305838994830475,22.31502776309141,22.31502776309141
t,shoulder_L_abd_raw,shoulder_L_abd_smoothed,shoulder_R_abd_raw,shoulder_R_abd_smoothed
12.125,8.305838994830475,8.305838994830475,22.31502776309141,22.31502776309141
t,shoulder_L_abd_raw,shoulder_L_abd_smoothed,shoulder_R_abd_raw,shoulder_R_abd_smoothed
12.125,8.305838994830475,8.305838994830475,22.31502776309141,22.31502776309141
t,shoulder_L_abd_raw,shoulder_L_abd_smoothed,shoulder_R_abd_raw,shoulder_R_abd_smoothed
12.125,8.305838994830475,8.305838994830475,22.31502776309141,22.31502776309141
t,shoulder_L_abd_raw,shoulder_L_abd_smoothed,shoulder_R_abd_raw,shoulder_R_abd_smoothed
12.204000000027008,8.541091735732852,8.541091735732852,22.917130016060824,22.917130016060824
t,shoulder_L_abd_raw,shoulder_L_abd_smoothed,shoulder_R_abd_raw,shoulder_R_abd_smoothed
12.204000000027008,8.541091735732852,8.541091735732852,22.917130016060824,22.917130016060824
t,shoulder_L_abd_raw,shoulder_L_abd_smoothed,shoulder_R_abd_raw,shoulder_R_abd_smoothed
12.204000000027008,8.541091735732852,8.541091735732852,22.917130016060824,22.917130016060824
t,shoulder_L_abd_raw,shoulder_L_abd_smoothed,shoulder_R_abd_raw,shoulder_R_abd_smoothed
12.204000000027008,8.541091735732852,8.541091735732852,22.917130016060824,22.917130016060824
t,shoulder_L_abd_raw,shoulder_L_abd_smoothed,shoulder_R_abd_raw,shoulder_R_abd_smoothed
12.219000000040978,8.541091735732852,8.541091735732852,22.917130016060824,22.917130016060824
t,shoulder_L_abd_raw,shoulder_L_abd_smoothed,shoulder_R_abd_raw,shoulder_R_abd_smoothed
12.219000000040978,8.541091735732852,8.541091735732852,22.917130016060824,22.917130016060824
t,shoulder_L_abd_raw,shoulder_L_abd_smoothed,shoulder_R_abd_raw,shoulder_R_abd_smoothed
12.219000000040978,8.541091735732852,8.541091735732852,22.917130016060824,22.917130016060824
t,shoulder_L_abd_raw,shoulder_L_abd_smoothed,shoulder_R_abd_raw,shoulder_R_abd_smoothed
12.219000000040978,8.541091735732852,8.541091735732852,22.917130016060824,22.917130016060824
t,shoulder_L_abd_raw,shoulder_L_abd_smoothed,shoulder_R_abd_raw,shoulder_R_abd_smoothed
12.25,8.541091735732852,8.541091735732852,22.917130016060824,22.917130016060824
t,shoulder_L_abd_raw,shoulder_L_abd_smoothed,shoulder_R_abd_raw,shoulder_R_abd_smoothed
12.25,8.541091735732852,8.541091735732852,22.917130016060824,22.917130016060824
t,shoulder_L_abd_raw,shoulder_L_abd_smoothed,shoulder_R_abd_raw,shoulder_R_abd_smoothed
12.25,8.541091735732852,8.541091735732852,22.917130016060824,22.917130016060824
t,shoulder_L_abd_raw,shoulder_L_abd_smoothed,shoulder_R_abd_raw,shoulder_R_abd_smoothed
12.25,8.541091735732852,8.541091735732852,22.917130016060824,22.917130016060824
t,shoulder_L_abd_raw,shoulder_L_abd_smoothed,shoulder_R_abd_raw,shoulder_R_abd_smoothed
12.28200000000652,8.541091735732852,8.541091735732852,22.917130016060824,22.917130016060824
t,shoulder_L_abd_raw,shoulder_L_abd_smoothed,shoulder_R_abd_raw,shoulder_R_abd_smoothed
12.28200000000652,8.541091735732852,8.541091735732852,22.917130016060824,22.917130016060824
t,shoulder_L_abd_raw,shoulder_L_abd_smoothed,shoulder_R_abd_raw,shoulder_R_abd_smoothed
12.28200000000652,8.541091735732852,8.541091735732852,22.917130016060824,22.917130016060824
t,shoulder_L_abd_raw,shoulder_L_abd_smoothed,shoulder_R_abd_raw,shoulder_R_abd_smoothed
12.28200000000652,8.541091735732852,8.541091735732852,22.917130016060824,22.917130016060824
t,shoulder_L_abd_raw,shoulder_L_abd_smoothed,shoulder_R_abd_raw,shoulder_R_abd_smoothed
12.313000000023749,8.991233542931733,8.991233542931733,23.224028507258755,23.224028507258755
t,shoulder_L_abd_raw,shoulder_L_abd_smoothed,shoulder_R_abd_raw,shoulder_R_abd_smoothed
12.313000000023749,8.991233542931733,8.991233542931733,23.224028507258755,23.224028507258755
t,shoulder_L_abd_raw,shoulder_L_abd_smoothed,shoulder_R_abd_raw,shoulder_R_abd_smoothed
12.313000000023749,8.991233542931733,8.991233542931733,23.224028507258755,23.224028507258755
t,shoulder_L_abd_raw,shoulder_L_abd_smoothed,shoulder_R_abd_raw,shoulder_R_abd_smoothed
12.313000000023749,8.991233542931733,8.991233542931733,23.224028507258755,23.224028507258755
t,shoulder_L_abd_raw,shoulder_L_abd_smoothed,shoulder_R_abd_raw,shoulder_R_abd_smoothed
12.329000000027008,8.991233542931733,8.991233542931733,23.224028507258755,23.224028507258755
t,shoulder_L_abd_raw,shoulder_L_abd_smoothed,shoulder_R_abd_raw,shoulder_R_abd_smoothed
12.329000000027008,8.991233542931733,8.991233542931733,23.224028507258755,23.224028507258755
t,shoulder_L_abd_raw,shoulder_L_abd_smoothed,shoulder_R_abd_raw,shoulder_R_abd_smoothed
12.329000000027008,8.991233542931733,8.991233542931733,23.224028507258755,23.224028507258755
t,shoulder_L_abd_raw,shoulder_L_abd_smoothed,shoulder_R_abd_raw,shoulder_R_abd_smoothed
12.329000000027008,8.991233542931733,8.991233542931733,23.224028507258755,23.224028507258755
t,shoulder_L_abd_raw,shoulder_L_abd_smoothed,shoulder_R_abd_raw,shoulder_R_abd_smoothed
12.360000000044238,8.991233542931733,8.991233542931733,23.224028507258755,23.224028507258755
t,shoulder_L_abd_raw,shoulder_L_abd_smoothed,shoulder_R_abd_raw,shoulder_R_abd_smoothed
12.360000000044238,8.991233542931733,8.991233542931733,23.224028507258755,23.224028507258755
t,shoulder_L_abd_raw,shoulder_L_abd_smoothed,shoulder_R_abd_raw,shoulder_R_abd_smoothed
12.360000000044238,8.991233542931733,8.991233542931733,23.224028507258755,23.224028507258755
t,shoulder_L_abd_raw,shoulder_L_abd_smoothed,shoulder_R_abd_raw,shoulder_R_abd_smoothed
12.360000000044238,8.991233542931733,8.991233542931733,23.224028507258755,23.224028507258755
t,elbow_left_raw,elbow_left_smoothed,neck_flex_raw,neck_flex_smoothed
12.40700000000652,179.21590413466612,179.21590413466615,5.33042703140312,5.330427031403121
t,elbow_left_raw,elbow_left_smoothed,neck_flex_raw,neck_flex_smoothed
12.40700000000652,179.21590413466612,179.21590413466615,5.33042703140312,5.330427031403121
t,elbow_left_raw,elbow_left_smoothed,neck_flex_raw,neck_flex_smoothed
12.40700000000652,179.21590413466612,179.21590413466615,5.33042703140312,5.330427031403121
t,elbow_left_raw,elbow_left_smoothed,neck_flex_raw,neck_flex_smoothed
12.40700000000652,179.21590413466612,179.21590413466615,5.33042703140312,5.330427031403121
t,elbow_left_raw,elbow_left_smoothed,neck_flex_raw,neck_flex_smoothed
12.438000000023749,179.21590413466612,179.21590413466615,5.33042703140312,5.330427031403121
t,elbow_left_raw,elbow_left_smoothed,neck_flex_raw,neck_flex_smoothed
12.438000000023749,179.21590413466612,179.21590413466615,5.33042703140312,5.330427031403121
t,elbow_left_raw,elbow_left_smoothed,neck_flex_raw,neck_flex_smoothed
12.438000000023749,179.21590413466612,179.21590413466615,5.33042703140312,5.330427031403121
t,elbow_left_raw,elbow_left_smoothed,neck_flex_raw,neck_flex_smoothed
12.438000000023749,179.21590413466612,179.21590413466615,5.33042703140312,5.330427031403121
t,elbow_left_raw,elbow_left_smoothed,neck_flex_raw,neck_flex_smoothed
12.469000000040978,179.21590413466612,179.21590413466615,5.33042703140312,5.330427031403121
t,elbow_left_raw,elbow_left_smoothed,neck_flex_raw,neck_flex_smoothed
12.469000000040978,179.21590413466612,179.21590413466615,5.33042703140312,5.330427031403121
t,elbow_left_raw,elbow_left_smoothed,neck_flex_raw,neck_flex_smoothed
12.469000000040978,179.21590413466612,179.21590413466615,5.33042703140312,5.330427031403121
t,elbow_left_raw,elbow_left_smoothed,neck_flex_raw,neck_flex_smoothed
12.469000000040978,179.21590413466612,179.21590413466615,5.33042703140312,5.330427031403121
t,neck_flex_raw,neck_flex_smoothed
12.5,9.789825518157455,6.222306728753988
t,neck_flex_raw,neck_flex_smoothed
12.5,9.789825518157455,6.222306728753988
t,neck_flex_raw,neck_flex_smoothed
12.53200000000652,9.789825518157455,6.935810486634683
t,neck_flex_raw,neck_flex_smoothed
12.53200000000652,9.789825518157455,6.935810486634683
t,shoulder_L_abd_raw,shoulder_L_abd_smoothed
12.594000000040978,8.170991694517275,8.170991694517275
t,shoulder_L_abd_raw,shoulder_L_abd_smoothed
12.594000000040978,8.170991694517275,8.170991694517275
t,shoulder_L_abd_raw,shoulder_L_abd_smoothed
12.625,8.170991694517275,8.170991694517275
t,shoulder_L_abd_raw,shoulder_L_abd_smoothed
12.625,8.170991694517275,8.170991694517275
t,shoulder_L_abd_raw,shoulder_L_abd_smoothed
12.65700000000652,8.170991694517275,8.170991694517275
t,shoulder_L_abd_raw,shoulder_L_abd_smoothed
12.65700000000652,8.170991694517275,8.170991694517275
t,shoulder_L_abd_raw,shoulder_L_abd_smoothed
12.672000000020489,8.170991694517275,8.170991694517275
t,shoulder_L_abd_raw,shoulder_L_abd_smoothed
12.672000000020489,8.170991694517275,8.170991694517275
t,shoulder_L_abd_raw,shoulder_L_abd_smoothed,shoulder_R_abd_raw,shoulder_R_abd_smoothed
12.704000000027008,8.102756565535739,8.102756565535739,20.83413596506446,20.83413596506446
t,shoulder_L_abd_raw,shoulder_L_abd_smoothed,shoulder_R_abd_raw,shoulder_R_abd_smoothed
12.704000000027008,8.102756565535739,8.102756565535739,20.83413596506446,20.83413596506446
t,shoulder_L_abd_raw,shoulder_L_abd_smoothed,shoulder_R_abd_raw,shoulder_R_abd_smoothed
12.704000000027008,8.102756565535739,8.102756565535739,20.83413596506446,20.83413596506446
t,shoulder_L_abd_raw,shoulder_L_abd_smoothed,shoulder_R_abd_raw,shoulder_R_abd_smoothed
12.704000000027008,8.102756565535739,8.102756565535739,20.83413596506446,20.83413596506446
t,shoulder_L_abd_raw,shoulder_L_abd_smoothed,shoulder_R_abd_raw,shoulder_R_abd_smoothed
12.735000000044238,8.102756565535739,8.102756565535739,20.83413596506446,20.83413596506446
t,shoulder_L_abd_raw,shoulder_L_abd_smoothed,shoulder_R_abd_raw,shoulder_R_abd_smoothed
12.735000000044238,8.102756565535739,8.102756565535739,20.83413596506446,20.83413596506446
t,shoulder_L_abd_raw,shoulder_L_abd_smoothed,shoulder_R_abd_raw,shoulder_R_abd_smoothed
12.735000000044238,8.102756565535739,8.102756565535739,20.83413596506446,20.83413596506446
t,shoulder_L_abd_raw,shoulder_L_abd_smoothed,shoulder_R_abd_raw,shoulder_R_abd_smoothed
12.735000000044238,8.102756565535739,8.102756565535739,20.83413596506446,20.83413596506446
t,shoulder_L_abd_raw,shoulder_L_abd_smoothed,shoulder_R_abd_raw,shoulder_R_abd_smoothed
12.76600000000326,8.102756565535739,8.102756565535739,20.83413596506446,20.83413596506446
t,shoulder_L_abd_raw,shoulder_L_abd_smoothed,shoulder_R_abd_raw,shoulder_R_abd_smoothed
12.76600000000326,8.102756565535739,8.102756565535739,20.83413596506446,20.83413596506446
t,shoulder_L_abd_raw,shoulder_L_abd_smoothed,shoulder_R_abd_raw,shoulder_R_abd_smoothed
12.76600000000326,8.102756565535739,8.102756565535739,20.83413596506446,20.83413596506446
t,shoulder_L_abd_raw,shoulder_L_abd_smoothed,shoulder_R_abd_raw,shoulder_R_abd_smoothed
12.76600000000326,8.102756565535739,8.102756565535739,20.83413596506446,20.83413596506446
t,shoulder_L_abd_raw,shoulder_L_abd_smoothed,shoulder_R_abd_raw,shoulder_R_abd_smoothed
12.813000000023749,7.155822431824869,7.155822431824869,22.070479827169244,22.070479827169244
t,shoulder_L_abd_raw,shoulder_L_abd_smoothed,shoulder_R_abd_raw,shoulder_R_abd_smoothed
12.813000000023749,7.155822431824869,7.155822431824869,22.070479827169244,22.070479827169244
t,shoulder_L_abd_raw,shoulder_L_abd_smoothed,shoulder_R_abd_raw,shoulder_R_abd_smoothed
12.813000000023749,7.155822431824869,7.155822431824869,22.070479827169244,22.070479827169244
t,shoulder_L_abd_raw,shoulder_L_abd_smoothed,shoulder_R_abd_raw,shoulder_R_abd_smoothed
12.813000000023749,7.155822431824869,7.155822431824869,22.070479827169244,22.070479827169244
t,shoulder_L_abd_raw,shoulder_L_abd_smoothed,shoulder_R_abd_raw,shoulder_R_abd_smoothed
12.829000000027008,7.155822431824869,7.155822431824869,22.070479827169244,22.070479827169244
t,shoulder_L_abd_raw,shoulder_L_abd_smoothed,shoulder_R_abd_raw,shoulder_R_abd_smoothed
12.829000000027008,7.155822431824869,7.155822431824869,22.070479827169244,22.070479827169244
t,shoulder_L_abd_raw,shoulder_L_abd_smoothed,shoulder_R_abd_raw,shoulder_R_abd_smoothed
12.829000000027008,7.155822431824869,7.155822431824869,22.070479827169244,22.070479827169244
t,shoulder_L_abd_raw,shoulder_L_abd_smoothed,shoulder_R_abd_raw,shoulder_R_abd_smoothed
12.829000000027008,7.155822431824869,7.155822431824869,22.070479827169244,22.070479827169244
t,shoulder_L_abd_raw,shoulder_L_abd_smoothed,shoulder_R_abd_raw,shoulder_R_abd_smoothed
12.860000000044238,7.155822431824869,7.155822431824869,22.070479827169244,22.070479827169244
t,shoulder_L_abd_raw,shoulder_L_abd_smoothed,shoulder_R_abd_raw,shoulder_R_abd_smoothed
12.860000000044238,7.155822431824869,7.155822431824869,22.070479827169244,22.070479827169244
t,shoulder_L_abd_raw,shoulder_L_abd_smoothed,shoulder_R_abd_raw,shoulder_R_abd_smoothed
12.860000000044238,7.155822431824869,7.155822431824869,22.070479827169244,22.070479827169244
t,shoulder_L_abd_raw,shoulder_L_abd_smoothed,shoulder_R_abd_raw,shoulder_R_abd_smoothed
12.860000000044238,7.155822431824869,7.155822431824869,22.070479827169244,22.070479827169244
t,shoulder_L_abd_raw,shoulder_L_abd_smoothed,shoulder_R_abd_raw,shoulder_R_abd_smoothed
12.90700000000652,7.125712073709009,7.125712073709009,23.29619496231412,23.29619496231412
t,shoulder_L_abd_raw,shoulder_L_abd_smoothed,shoulder_R_abd_raw,shoulder_R_abd_smoothed
12.90700000000652,7.125712073709009,7.125712073709009,23.29619496231412,23.29619496231412
t,shoulder_L_abd_raw,shoulder_L_abd_smoothed,shoulder_R_abd_raw,shoulder_R_abd_smoothed
12.90700000000652,7.125712073709009,7.125712073709009,23.29619496231412,23.29619496231412
t,shoulder_L_abd_raw,shoulder_L_abd_smoothed,shoulder_R_abd_raw,shoulder_R_abd_smoothed
12.90700000000652,7.125712073709009,7.125712073709009,23.29619496231412,23.29619496231412
t,shoulder_L_abd_raw,shoulder_L_abd_smoothed,shoulder_R_abd_raw,shoulder_R_abd_smoothed
12.922000000020489,7.125712073709009,7.125712073709009,23.29619496231412,23.29619496231412
t,shoulder_L_abd_raw,shoulder_L_abd_smoothed,shoulder_R_abd_raw,shoulder_R_abd_smoothed
12.922000000020489,7.125712073709009,7.125712073709009,23.29619496231412,23.29619496231412
t,shoulder_L_abd_raw,shoulder_L_abd_smoothed,shoulder_R_abd_raw,shoulder_R_abd_smoothed
12.922000000020489,7.125712073709009,7.125712073709009,23.29619496231412,23.29619496231412
t,shoulder_L_abd_raw,shoulder_L_abd_smoothed,shoulder_R_abd_raw,shoulder_R_abd_smoothed
12.922000000020489,7.125712073709009,7.125712073709009,23.29619496231412,23.29619496231412
t,neck_flex_raw,neck_flex_smoothed
13.0,4.724390292919555,6.493526447891658
t,neck_flex_raw,neck_flex_smoothed
13.0,4.724390292919555,6.493526447891658
t,shoulder_L_abd_raw,shoulder_L_abd_smoothed,shoulder_R_abd_raw,shoulder_R_abd_smoothed
13.110000000044238,7.300868407248769,7.300868407248769,23.037133134576205,23.037133134576205
t,shoulder_L_abd_raw,shoulder_L_abd_smoothed,shoulder_R_abd_raw,shoulder_R_abd_smoothed
13.110000000044238,7.300868407248769,7.300868407248769,23.037133134576205,23.037133134576205
t,shoulder_L_abd_raw,shoulder_L_abd_smoothed,shoulder_R_abd_raw,shoulder_R_abd_smoothed
13.110000000044238,7.300868407248769,7.300868407248769,23.037133134576205,23.037133134576205
t,shoulder_L_abd_raw,shoulder_L_abd_smoothed,shoulder_R_abd_raw,shoulder_R_abd_smoothed
13.110000000044238,7.300868407248769,7.300868407248769,23.037133134576205,23.037133134576205
t,shoulder_L_abd_raw,shoulder_L_abd_smoothed,shoulder_R_abd_raw,shoulder_R_abd_smoothed
13.14100000000326,7.300868407248769,7.300868407248769,23.037133134576205,23.037133134576205
t,shoulder_L_abd_raw,shoulder_L_abd_smoothed,shoulder_R_abd_raw,shoulder_R_abd_smoothed
13.14100000000326,7.300868407248769,7.300868407248769,23.037133134576205,23.037133134576205
t,shoulder_L_abd_raw,shoulder_L_abd_smoothed,shoulder_R_abd_raw,shoulder_R_abd_smoothed
13.14100000000326,7.300868407248769,7.300868407248769,23.037133134576205,23.037133134576205
t,shoulder_L_abd_raw,shoulder_L_abd_smoothed,shoulder_R_abd_raw,shoulder_R_abd_smoothed
13.14100000000326,7.300868407248769,7.300868407248769,23.037133134576205,23.037133134576205
t,shoulder_L_abd_raw,shoulder_L_abd_smoothed,shoulder_R_abd_raw,shoulder_R_abd_smoothed
13.172000000020489,7.300868407248769,7.300868407248769,23.037133134576205,23.037133134576205
t,shoulder_L_abd_raw,shoulder_L_abd_smoothed,shoulder_R_abd_raw,shoulder_R_abd_smoothed
13.172000000020489,7.300868407248769,7.300868407248769,23.037133134576205,23.037133134576205
t,shoulder_L_abd_raw,shoulder_L_abd_smoothed,shoulder_R_abd_raw,shoulder_R_abd_smoothed
13.172000000020489,7.300868407248769,7.300868407248769,23.037133134576205,23.037133134576205
t,shoulder_L_abd_raw,shoulder_L_abd_smoothed,shoulder_R_abd_raw,shoulder_R_abd_smoothed
13.172000000020489,7.300868407248769,7.300868407248769,23.037133134576205,23.037133134576205
t,shoulder_L_abd_raw,shoulder_L_abd_smoothed,shoulder_R_abd_raw,shoulder_R_abd_smoothed
13.204000000027008,6.8738938282884,6.8738938282884,22.37141688268276,22.37141688268276
t,shoulder_L_abd_raw,shoulder_L_abd_smoothed,shoulder_R_abd_raw,shoulder_R_abd_smoothed
13.204000000027008,6.8738938282884,6.8738938282884,22.37141688268276,22.37141688268276
t,shoulder_L_abd_raw,shoulder_L_abd_smoothed,shoulder_R_abd_raw,shoulder_R_abd_smoothed
13.204000000027008,6.8738938282884,6.8738938282884,22.37141688268276,22.37141688268276
t,shoulder_L_abd_raw,shoulder_L_abd_smoothed,shoulder_R_abd_raw,shoulder_R_abd_smoothed
13.204000000027008,6.8738938282884,6.8738938282884,22.37141688268276,22.37141688268276
t,shoulder_L_abd_raw,shoulder_L_abd_smoothed,shoulder_R_abd_raw,shoulder_R_abd_smoothed
13.235000000044238,6.8738938282884,6.8738938282884,22.37141688268276,22.37141688268276
t,shoulder_L_abd_raw,shoulder_L_abd_smoothed,shoulder_R_abd_raw,shoulder_R_abd_smoothed
13.235000000044238,6.8738938282884,6.8738938282884,22.37141688268276,22.37141688268276
t,shoulder_L_abd_raw,shoulder_L_abd_smoothed,shoulder_R_abd_raw,shoulder_R_abd_smoothed
13.235000000044238,6.8738938282884,6.8738938282884,22.37141688268276,22.37141688268276
t,shoulder_L_abd_raw,shoulder_L_abd_smoothed,shoulder_R_abd_raw,shoulder_R_abd_smoothed
13.235000000044238,6.8738938282884,6.8738938282884,22.37141688268276,22.37141688268276
t,shoulder_L_abd_raw,shoulder_L_abd_smoothed,shoulder_R_abd_raw,shoulder_R_abd_smoothed
13.25,6.8738938282884,6.8738938282884,22.37141688268276,22.37141688268276
t,shoulder_L_abd_raw,shoulder_L_abd_smoothed,shoulder_R_abd_raw,shoulder_R_abd_smoothed
13.25,6.8738938282884,6.8738938282884,22.37141688268276,22.37141688268276
t,shoulder_L_abd_raw,shoulder_L_abd_smoothed,shoulder_R_abd_raw,shoulder_R_abd_smoothed
13.25,6.8738938282884,6.8738938282884,22.37141688268276,22.37141688268276
t,shoulder_L_abd_raw,shoulder_L_abd_smoothed,shoulder_R_abd_raw,shoulder_R_abd_smoothed
13.25,6.8738938282884,6.8738938282884,22.37141688268276,22.37141688268276
t,shoulder_L_abd_raw,shoulder_L_abd_smoothed,shoulder_R_abd_raw,shoulder_R_abd_smoothed
13.297000000020489,7.391624101219968,7.391624101219968,22.24738386894038,22.24738386894038
t,shoulder_L_abd_raw,shoulder_L_abd_smoothed,shoulder_R_abd_raw,shoulder_R_abd_smoothed
13.297000000020489,7.391624101219968,7.391624101219968,22.24738386894038,22.24738386894038
t,shoulder_L_abd_raw,shoulder_L_abd_smoothed,shoulder_R_abd_raw,shoulder_R_abd_smoothed
13.297000000020489,7.391624101219968,7.391624101219968,22.24738386894038,22.24738386894038
t,shoulder_L_abd_raw,shoulder_L_abd_smoothed,shoulder_R_abd_raw,shoulder_R_abd_smoothed
13.297000000020489,7.391624101219968,7.391624101219968,22.24738386894038,22.24738386894038
t,shoulder_L_abd_raw,shoulder_L_abd_smoothed,shoulder_R_abd_raw,shoulder_R_abd_smoothed
13.329000000027008,7.391624101219968,7.391624101219968,22.24738386894038,22.24738386894038
t,shoulder_L_abd_raw,shoulder_L_abd_smoothed,shoulder_R_abd_raw,shoulder_R_abd_smoothed
13.329000000027008,7.391624101219968,7.391624101219968,22.24738386894038,22.24738386894038
t,shoulder_L_abd_raw,shoulder_L_abd_smoothed,shoulder_R_abd_raw,shoulder_R_abd_smoothed
13.329000000027008,7.391624101219968,7.391624101219968,22.24738386894038,22.24738386894038
t,shoulder_L_abd_raw,shoulder_L_abd_smoothed,shoulder_R_abd_raw,shoulder_R_abd_smoothed
13.329000000027008,7.391624101219968,7.391624101219968,22.24738386894038,22.24738386894038
t,shoulder_L_abd_raw,shoulder_L_abd_smoothed
13.422000000020489,7.593883508608661,7.593883508608661
t,shoulder_L_abd_raw,shoulder_L_abd_smoothed
13.422000000020489,7.593883508608661,7.593883508608661
t,shoulder_L_abd_raw,shoulder_L_abd_smoothed
13.51600000000326,7.640926966388151,7.640926966388151
t,shoulder_L_abd_raw,shoulder_L_abd_smoothed
13.51600000000326,7.640926966388151,7.640926966388151
t,shoulder_L_abd_raw,shoulder_L_abd_smoothed
13.53200000000652,7.640926966388151,7.640926966388151
t,shoulder_L_abd_raw,shoulder_L_abd_smoothed
13.53200000000652,7.640926966388151,7.640926966388151
t,shoulder_L_abd_raw,shoulder_L_abd_smoothed
13.563000000023749,7.640926966388151,7.640926966388151
t,shoulder_L_abd_raw,shoulder_L_abd_smoothed
13.563000000023749,7.640926966388151,7.640926966388151
t,shoulder_R_abd_raw,shoulder_R_abd_smoothed
13.610000000044238,22.608727092431018,22.608727092431018
t,shoulder_R_abd_raw,shoulder_R_abd_smoothed
13.610000000044238,22.608727092431018,22.608727092431018
t,shoulder_R_abd_raw,shoulder_R_abd_smoothed
13.64100000000326,22.608727092431018,22.608727092431018
t,shoulder_R_abd_raw,shoulder_R_abd_smoothed
13.64100000000326,22.608727092431018,22.608727092431018
t,shoulder_R_abd_raw,shoulder_R_abd_smoothed
13.65700000000652,22.608727092431018,22.608727092431018
t,shoulder_R_abd_raw,shoulder_R_abd_smoothed
13.65700000000652,22.608727092431018,22.608727092431018
t,shoulder_L_abd_raw,shoulder_L_abd_smoothed,shoulder_R_abd_raw,shoulder_R_abd_smoothed
13.704000000027008,7.905444981304829,7.905444981304829,21.412936185455145,21.412936185455145
t,shoulder_L_abd_raw,shoulder_L_abd_smoothed,shoulder_R_abd_raw,shoulder_R_abd_smoothed
13.704000000027008,7.905444981304829,7.905444981304829,21.412936185455145,21.412936185455145
t,shoulder_L_abd_raw,shoulder_L_abd_smoothed,shoulder_R_abd_raw,shoulder_R_abd_smoothed
13.704000000027008,7.905444981304829,7.905444981304829,21.412936185455145,21.412936185455145
t,shoulder_L_abd_raw,shoulder_L_abd_smoothed,shoulder_R_abd_raw,shoulder_R_abd_smoothed
13.704000000027008,7.905444981304829,7.905444981304829,21.412936185455145,21.412936185455145
t,shoulder_L_abd_raw,shoulder_L_abd_smoothed,shoulder_R_abd_raw,shoulder_R_abd_smoothed
13.735000000044238,7.905444981304829,7.905444981304829,21.412936185455145,21.412936185455145
t,shoulder_L_abd_raw,shoulder_L_abd_smoothed,shoulder_R_abd_raw,shoulder_R_abd_smoothed
13.735000000044238,7.905444981304829,7.905444981304829,21.412936185455145,21.412936185455145
t,shoulder_L_abd_raw,shoulder_L_abd_smoothed,shoulder_R_abd_raw,shoulder_R_abd_smoothed
13.735000000044238,7.905444981304829,7.905444981304829,21.412936185455145,21.412936185455145
t,shoulder_L_abd_raw,shoulder_L_abd_smoothed,shoulder_R_abd_raw,shoulder_R_abd_smoothed
13.735000000044238,7.905444981304829,7.905444981304829,21.412936185455145,21.412936185455145
t,shoulder_L_abd_raw,shoulder_L_abd_smoothed,shoulder_R_abd_raw,shoulder_R_abd_smoothed
13.76600000000326,7.905444981304829,7.905444981304829,21.412936185455145,21.412936185455145
t,shoulder_L_abd_raw,shoulder_L_abd_smoothed,shoulder_R_abd_raw,shoulder_R_abd_smoothed
13.76600000000326,7.905444981304829,7.905444981304829,21.412936185455145,21.412936185455145
t,shoulder_L_abd_raw,shoulder_L_abd_smoothed,shoulder_R_abd_raw,shoulder_R_abd_smoothed
13.76600000000326,7.905444981304829,7.905444981304829,21.412936185455145,21.412936185455145
t,shoulder_L_abd_raw,shoulder_L_abd_smoothed,shoulder_R_abd_raw,shoulder_R_abd_smoothed
13.76600000000326,7.905444981304829,7.905444981304829,21.412936185455145,21.412936185455145
t,shoulder_L_abd_raw,shoulder_L_abd_smoothed,shoulder_R_abd_raw,shoulder_R_abd_smoothed
13.813000000023749,8.002166140730859,8.002166140730859,21.407538166972554,21.407538166972554
t,shoulder_L_abd_raw,shoulder_L_abd_smoothed,shoulder_R_abd_raw,shoulder_R_abd_smoothed
13.813000000023749,8.002166140730859,8.002166140730859,21.407538166972554,21.407538166972554
t,shoulder_L_abd_raw,shoulder_L_abd_smoothed,shoulder_R_abd_raw,shoulder_R_abd_smoothed
13.813000000023749,8.002166140730859,8.002166140730859,21.407538166972554,21.407538166972554
t,shoulder_L_abd_raw,shoulder_L_abd_smoothed,shoulder_R_abd_raw,shoulder_R_abd_smoothed
13.813000000023749,8.002166140730859,8.002166140730859,21.407538166972554,21.407538166972554
t,shoulder_L_abd_raw,shoulder_L_abd_smoothed,shoulder_R_abd_raw,shoulder_R_abd_smoothed
13.844000000040978,8.002166140730859,8.002166140730859,21.407538166972554,21.407538166972554
t,shoulder_L_abd_raw,shoulder_L_abd_smoothed,shoulder_R_abd_raw,shoulder_R_abd_smoothed
13.844000000040978,8.002166140730859,8.002166140730859,21.407538166972554,21.407538166972554
t,shoulder_L_abd_raw,shoulder_L_abd_smoothed,shoulder_R_abd_raw,shoulder_R_abd_smoothed
13.844000000040978,8.002166140730859,8.002166140730859,21.407538166972554,21.407538166972554
t,shoulder_L_abd_raw,shoulder_L_abd_smoothed,shoulder_R_abd_raw,shoulder_R_abd_smoothed
13.844000000040978,8.002166140730859,8.002166140730859,21.407538166972554,21.407538166972554
t,shoulder_L_abd_raw,shoulder_L_abd_smoothed,shoulder_R_abd_raw,shoulder_R_abd_smoothed
13.875,8.002166140730859,8.002166140730859,21.407538166972554,21.407538166972554
t,shoulder_L_abd_raw,shoulder_L_abd_smoothed,shoulder_R_abd_raw,shoulder_R_abd_smoothed
13.875,8.002166140730859,8.002166140730859,21.407538166972554,21.407538166972554
t,shoulder_L_abd_raw,shoulder_L_abd_smoothed,shoulder_R_abd_raw,shoulder_R_abd_smoothed
13.875,8.002166140730859,8.002166140730859,21.407538166972554,21.407538166972554
t,shoulder_L_abd_raw,shoulder_L_abd_smoothed,shoulder_R_abd_raw,shoulder_R_abd_smoothed
13.875,8.002166140730859,8.002166140730859,21.407538166972554,21.407538166972554
t,shoulder_L_abd_raw,shoulder_L_abd_smoothed,shoulder_R_abd_raw,shoulder_R_abd_smoothed
13.90700000000652,7.934987573297334,7.934987573297334,22.836556072385612,22.836556072385612
t,shoulder_L_abd_raw,shoulder_L_abd_smoothed,shoulder_R_abd_raw,shoulder_R_abd_smoothed
13.90700000000652,7.934987573297334,7.934987573297334,22.836556072385612,22.836556072385612
t,shoulder_L_abd_raw,shoulder_L_abd_smoothed,shoulder_R_abd_raw,shoulder_R_abd_smoothed
13.90700000000652,7.934987573297334,7.934987573297334,22.836556072385612,22.836556072385612
t,shoulder_L_abd_raw,shoulder_L_abd_smoothed,shoulder_R_abd_raw,shoulder_R_abd_smoothed
13.90700000000652,7.934987573297334,7.934987573297334,22.836556072385612,22.836556072385612
t,shoulder_L_abd_raw,shoulder_L_abd_smoothed,shoulder_R_abd_raw,shoulder_R_abd_smoothed
13.938000000023749,7.934987573297334,7.934987573297334,22.836556072385612,22.836556072385612
t,shoulder_L_abd_raw,shoulder_L_abd_smoothed,shoulder_R_abd_raw,shoulder_R_abd_smoothed
13.938000000023749,7.934987573297334,7.934987573297334,22.836556072385612,22.836556072385612
t,shoulder_L_abd_raw,shoulder_L_abd_smoothed,shoulder_R_abd_raw,shoulder_R_abd_smoothed
13.938000000023749,7.934987573297334,7.934987573297334,22.836556072385612,22.836556072385612
t,shoulder_L_abd_raw,shoulder_L_abd_smoothed,shoulder_R_abd_raw,shoulder_R_abd_smoothed
13.938000000023749,7.934987573297334,7.934987573297334,22.836556072385612,22.836556072385612
t,shoulder_L_abd_raw,shoulder_L_abd_smoothed,shoulder_R_abd_raw,shoulder_R_abd_smoothed
13.969000000040978,7.934987573297334,7.934987573297334,22.836556072385612,22.836556072385612
t,shoulder_L_abd_raw,shoulder_L_abd_smoothed,shoulder_R_abd_raw,shoulder_R_abd_smoothed
13.969000000040978,7.934987573297334,7.934987573297334,22.836556072385612,22.836556072385612
t,shoulder_L_abd_raw,shoulder_L_abd_smoothed,shoulder_R_abd_raw,shoulder_R_abd_smoothed
13.969000000040978,7.934987573297334,7.934987573297334,22.836556072385612,22.836556072385612
t,shoulder_L_abd_raw,shoulder_L_abd_smoothed,shoulder_R_abd_raw,shoulder_R_abd_smoothed
13.969000000040978,7.934987573297334,7.934987573297334,22.836556072385612,22.836556072385612
t,shoulder_L_abd_raw,shoulder_L_abd_smoothed,shoulder_R_abd_raw,shoulder_R_abd_smoothed
14.0,7.165493585664224,7.165493585664224,21.561959600030566,21.561959600030566
t,shoulder_L_abd_raw,shoulder_L_abd_smoothed,shoulder_R_abd_raw,shoulder_R_abd_smoothed
14.0,7.165493585664224,7.165493585664224,21.561959600030566,21.561959600030566
t,shoulder_L_abd_raw,shoulder_L_abd_smoothed,shoulder_R_abd_raw,shoulder_R_abd_smoothed
14.0,7.165493585664224,7.165493585664224,21.561959600030566,21.561959600030566
t,shoulder_L_abd_raw,shoulder_L_abd_smoothed,shoulder_R_abd_raw,shoulder_R_abd_smoothed
14.0,7.165493585664224,7.165493585664224,21.561959600030566,21.561959600030566
t,shoulder_L_abd_raw,shoulder_L_abd_smoothed,shoulder_R_abd_raw,shoulder_R_abd_smoothed
14.03200000000652,7.165493585664224,7.165493585664224,21.561959600030566,21.561959600030566
t,shoulder_L_abd_raw,shoulder_L_abd_smoothed,shoulder_R_abd_raw,shoulder_R_abd_smoothed
14.03200000000652,7.165493585664224,7.165493585664224,21.561959600030566,21.561959600030566
t,shoulder_L_abd_raw,shoulder_L_abd_smoothed,shoulder_R_abd_raw,shoulder_R_abd_smoothed
14.03200000000652,7.165493585664224,7.165493585664224,21.561959600030566,21.561959600030566
t,shoulder_L_abd_raw,shoulder_L_abd_smoothed,shoulder_R_abd_raw,shoulder_R_abd_smoothed
14.03200000000652,7.165493585664224,7.165493585664224,21.561959600030566,21.561959600030566
t,shoulder_L_abd_raw,shoulder_L_abd_smoothed,shoulder_R_abd_raw,shoulder_R_abd_smoothed
14.063000000023749,7.165493585664224,7.165493585664224,21.561959600030566,21.561959600030566
t,shoulder_L_abd_raw,shoulder_L_abd_smoothed,shoulder_R_abd_raw,shoulder_R_abd_smoothed
14.063000000023749,7.165493585664224,7.165493585664224,21.561959600030566,21.561959600030566
t,shoulder_L_abd_raw,shoulder_L_abd_smoothed,shoulder_R_abd_raw,shoulder_R_abd_smoothed
14.063000000023749,7.165493585664224,7.165493585664224,21.561959600030566,21.561959600030566
t,shoulder_L_abd_raw,shoulder_L_abd_smoothed,shoulder_R_abd_raw,shoulder_R_abd_smoothed
14.063000000023749,7.165493585664224,7.165493585664224,21.561959600030566,21.561959600030566
t,shoulder_L_abd_raw,shoulder_L_abd_smoothed,shoulder_R_abd_raw,shoulder_R_abd_smoothed
14.110000000044238,7.600935242473426,7.600935242473426,21.519834252861727,21.519834252861727
t,shoulder_L_abd_raw,shoulder_L_abd_smoothed,shoulder_R_abd_raw,shoulder_R_abd_smoothed
14.110000000044238,7.600935242473426,7.600935242473426,21.519834252861727,21.519834252861727
t,shoulder_L_abd_raw,shoulder_L_abd_smoothed,shoulder_R_abd_raw,shoulder_R_abd_smoothed
14.110000000044238,7.600935242473426,7.600935242473426,21.519834252861727,21.519834252861727
t,shoulder_L_abd_raw,shoulder_L_abd_smoothed,shoulder_R_abd_raw,shoulder_R_abd_smoothed
14.110000000044238,7.600935242473426,7.600935242473426,21.519834252861727,21.519834252861727
t,shoulder_L_abd_raw,shoulder_L_abd_smoothed,shoulder_R_abd_raw,shoulder_R_abd_smoothed
14.125,7.600935242473426,7.600935242473426,21.519834252861727,21.519834252861727
t,shoulder_L_abd_raw,shoulder_L_abd_smoothed,shoulder_R_abd_raw,shoulder_R_abd_smoothed
14.125,7.600935242473426,7.600935242473426,21.519834252861727,21.519834252861727
t,shoulder_L_abd_raw,shoulder_L_abd_smoothed,shoulder_R_abd_raw,shoulder_R_abd_smoothed
14.125,7.600935242473426,7.600935242473426,21.519834252861727,21.519834252861727
t,shoulder_L_abd_raw,shoulder_L_abd_smoothed,shoulder_R_abd_raw,shoulder_R_abd_smoothed
14.125,7.600935242473426,7.600935242473426,21.519834252861727,21.519834252861727
t,shoulder_L_abd_raw,shoulder_L_abd_smoothed,shoulder_R_abd_raw,shoulder_R_abd_smoothed
14.15700000000652,7.600935242473426,7.600935242473426,21.519834252861727,21.519834252861727
t,shoulder_L_abd_raw,shoulder_L_abd_smoothed,shoulder_R_abd_raw,shoulder_R_abd_smoothed
14.15700000000652,7.600935242473426,7.600935242473426,21.519834252861727,21.519834252861727
t,shoulder_L_abd_raw,shoulder_L_abd_smoothed,shoulder_R_abd_raw,shoulder_R_abd_smoothed
14.15700000000652,7.600935242473426,7.600935242473426,21.519834252861727,21.519834252861727
t,shoulder_L_abd_raw,shoulder_L_abd_smoothed,shoulder_R_abd_raw,shoulder_R_abd_smoothed
14.15700000000652,7.600935242473426,7.600935242473426,21.519834252861727,21.519834252861727
t,shoulder_L_abd_raw,shoulder_L_abd_smoothed,shoulder_R_abd_raw,shoulder_R_abd_smoothed
14.219000000040978,6.960240613613332,6.960240613613332,22.051521906372418,22.051521906372418
t,shoulder_L_abd_raw,shoulder_L_abd_smoothed,shoulder_R_abd_raw,shoulder_R_abd_smoothed
14.219000000040978,6.960240613613332,6.960240613613332,22.051521906372418,22.051521906372418
t,shoulder_L_abd_raw,shoulder_L_abd_smoothed,shoulder_R_abd_raw,shoulder_R_abd_smoothed
14.219000000040978,6.960240613613332,6.960240613613332,22.051521906372418,22.051521906372418
t,shoulder_L_abd_raw,shoulder_L_abd_smoothed,shoulder_R_abd_raw,shoulder_R_abd_smoothed
14.219000000040978,6.960240613613332,6.960240613613332,22.051521906372418,22.051521906372418
t,shoulder_L_abd_raw,shoulder_L_abd_smoothed,shoulder_R_abd_raw,shoulder_R_abd_smoothed
14.235000000044238,6.960240613613332,6.960240613613332,22.051521906372418,22.051521906372418
t,shoulder_L_abd_raw,shoulder_L_abd_smoothed,shoulder_R_abd_raw,shoulder_R_abd_smoothed
14.235000000044238,6.960240613613332,6.960240613613332,22.051521906372418,22.051521906372418
t,shoulder_L_abd_raw,shoulder_L_abd_smoothed,shoulder_R_abd_raw,shoulder_R_abd_smoothed
14.235000000044238,6.960240613613332,6.960240613613332,22.051521906372418,22.051521906372418
t,shoulder_L_abd_raw,shoulder_L_abd_smoothed,shoulder_R_abd_raw,shoulder_R_abd_smoothed
14.235000000044238,6.960240613613332,6.960240613613332,22.051521906372418,22.051521906372418
t,shoulder_L_abd_raw,shoulder_L_abd_smoothed,shoulder_R_abd_raw,shoulder_R_abd_smoothed
14.26600000000326,6.960240613613332,6.960240613613332,22.051521906372418,22.051521906372418
t,shoulder_L_abd_raw,shoulder_L_abd_smoothed,shoulder_R_abd_raw,shoulder_R_abd_smoothed
14.26600000000326,6.960240613613332,6.960240613613332,22.051521906372418,22.051521906372418
t,shoulder_L_abd_raw,shoulder_L_abd_smoothed,shoulder_R_abd_raw,shoulder_R_abd_smoothed
14.26600000000326,6.960240613613332,6.960240613613332,22.051521906372418,22.051521906372418
t,shoulder_L_abd_raw,shoulder_L_abd_smoothed,shoulder_R_abd_raw,shoulder_R_abd_smoothed
14.26600000000326,6.960240613613332,6.960240613613332,22.051521906372418,22.051521906372418
t,shoulder_L_abd_raw,shoulder_L_abd_smoothed,shoulder_R_abd_raw,shoulder_R_abd_smoothed
14.313000000023749,6.971363608252004,6.971363608252004,23.047097268212315,23.047097268212315
t,shoulder_L_abd_raw,shoulder_L_abd_smoothed,shoulder_R_abd_raw,shoulder_R_abd_smoothed
14.313000000023749,6.971363608252004,6.971363608252004,23.047097268212315,23.047097268212315
t,shoulder_L_abd_raw,shoulder_L_abd_smoothed,shoulder_R_abd_raw,shoulder_R_abd_smoothed
14.313000000023749,6.971363608252004,6.971363608252004,23.047097268212315,23.047097268212315
t,shoulder_L_abd_raw,shoulder_L_abd_smoothed,shoulder_R_abd_raw,shoulder_R_abd_smoothed
14.313000000023749,6.971363608252004,6.971363608252004,23.047097268212315,23.047097268212315
t,shoulder_L_abd_raw,shoulder_L_abd_smoothed,shoulder_R_abd_raw,shoulder_R_abd_smoothed
14.344000000040978,6.971363608252004,6.971363608252004,23.047097268212315,23.047097268212315
t,shoulder_L_abd_raw,shoulder_L_abd_smoothed,shoulder_R_abd_raw,shoulder_R_abd_smoothed
14.344000000040978,6.971363608252004,6.971363608252004,23.047097268212315,23.047097268212315
t,shoulder_L_abd_raw,shoulder_L_abd_smoothed,shoulder_R_abd_raw,shoulder_R_abd_smoothed
14.344000000040978,6.971363608252004,6.971363608252004,23.047097268212315,23.047097268212315
t,shoulder_L_abd_raw,shoulder_L_abd_smoothed,shoulder_R_abd_raw,shoulder_R_abd_smoothed
14.344000000040978,6.971363608252004,6.971363608252004,23.047097268212315,23.047097268212315
t,shoulder_L_abd_raw,shoulder_L_abd_smoothed,shoulder_R_abd_raw,shoulder_R_abd_smoothed
14.375,6.971363608252004,6.971363608252004,23.047097268212315,23.047097268212315
t,shoulder_L_abd_raw,shoulder_L_abd_smoothed,shoulder_R_abd_raw,shoulder_R_abd_smoothed
14.375,6.971363608252004,6.971363608252004,23.047097268212315,23.047097268212315
t,shoulder_L_abd_raw,shoulder_L_abd_smoothed,shoulder_R_abd_raw,shoulder_R_abd_smoothed
14.375,6.971363608252004,6.971363608252004,23.047097268212315,23.047097268212315
t,shoulder_L_abd_raw,shoulder_L_abd_smoothed,shoulder_R_abd_raw,shoulder_R_abd_smoothed
14.375,6.971363608252004,6.971363608252004,23.047097268212315,23.047097268212315
t,shoulder_L_abd_raw,shoulder_L_abd_smoothed
14.40700000000652,7.3265148220241505,7.3265148220241505
t,shoulder_L_abd_raw,shoulder_L_abd_smoothed
14.40700000000652,7.3265148220241505,7.3265148220241505
t,shoulder_L_abd_raw,shoulder_L_abd_smoothed
14.454000000027008,7.3265148220241505,7.3265148220241505
t,shoulder_L_abd_raw,shoulder_L_abd_smoothed
14.454000000027008,7.3265148220241505,7.3265148220241505
t,shoulder_L_abd_raw,shoulder_L_abd_smoothed
14.469000000040978,7.3265148220241505,7.3265148220241505
t,shoulder_L_abd_raw,shoulder_L_abd_smoothed
14.469000000040978,7.3265148220241505,7.3265148220241505
t,shoulder_L_abd_raw,shoulder_L_abd_smoothed,shoulder_R_abd_raw,shoulder_R_abd_smoothed
14.5,7.04703772752792,7.04703772752792,23.91958306338977,23.91958306338977
t,shoulder_L_abd_raw,shoulder_L_abd_smoothed,shoulder_R_abd_raw,shoulder_R_abd_smoothed
14.5,7.04703772752792,7.04703772752792,23.91958306338977,23.91958306338977
t,shoulder_L_abd_raw,shoulder_L_abd_smoothed,shoulder_R_abd_raw,shoulder_R_abd_smoothed
14.5,7.04703772752792,7.04703772752792,23.91958306338977,23.91958306338977
t,shoulder_L_abd_raw,shoulder_L_abd_smoothed,shoulder_R_abd_raw,shoulder_R_abd_smoothed
14.5,7.04703772752792,7.04703772752792,23.91958306338977,23.91958306338977
t,shoulder_L_abd_raw,shoulder_L_abd_smoothed,shoulder_R_abd_raw,shoulder_R_abd_smoothed
14.53200000000652,7.04703772752792,7.04703772752792,23.91958306338977,23.91958306338977
t,shoulder_L_abd_raw,shoulder_L_abd_smoothed,shoulder_R_abd_raw,shoulder_R_abd_smoothed
14.53200000000652,7.04703772752792,7.04703772752792,23.91958306338977,23.91958306338977
t,shoulder_L_abd_raw,shoulder_L_abd_smoothed,shoulder_R_abd_raw,shoulder_R_abd_smoothed
14.53200000000652,7.04703772752792,7.04703772752792,23.91958306338977,23.91958306338977
t,shoulder_L_abd_raw,shoulder_L_abd_smoothed,shoulder_R_abd_raw,shoulder_R_abd_smoothed
14.53200000000652,7.04703772752792,7.04703772752792,23.91958306338977,23.91958306338977
t,shoulder_L_abd_raw,shoulder_L_abd_smoothed,shoulder_R_abd_raw,shoulder_R_abd_smoothed
14.563000000023749,7.04703772752792,7.04703772752792,23.91958306338977,23.91958306338977
t,shoulder_L_abd_raw,shoulder_L_abd_smoothed,shoulder_R_abd_raw,shoulder_R_abd_smoothed
14.563000000023749,7.04703772752792,7.04703772752792,23.91958306338977,23.91958306338977
t,shoulder_L_abd_raw,shoulder_L_abd_smoothed,shoulder_R_abd_raw,shoulder_R_abd_smoothed
14.563000000023749,7.04703772752792,7.04703772752792,23.91958306338977,23.91958306338977
t,shoulder_L_abd_raw,shoulder_L_abd_smoothed,shoulder_R_abd_raw,shoulder_R_abd_smoothed
14.563000000023749,7.04703772752792,7.04703772752792,23.91958306338977,23.91958306338977
t,shoulder_L_abd_raw,shoulder_L_abd_smoothed,shoulder_R_abd_raw,shoulder_R_abd_smoothed
14.625,8.349602026809292,8.349602026809292,22.952798309031678,22.952798309031678
t,shoulder_L_abd_raw,shoulder_L_abd_smoothed,shoulder_R_abd_raw,shoulder_R_abd_smoothed
14.625,8.349602026809292,8.349602026809292,22.952798309031678,22.952798309031678
t,shoulder_L_abd_raw,shoulder_L_abd_smoothed,shoulder_R_abd_raw,shoulder_R_abd_smoothed
14.625,8.349602026809292,8.349602026809292,22.952798309031678,22.952798309031678
t,shoulder_L_abd_raw,shoulder_L_abd_smoothed,shoulder_R_abd_raw,shoulder_R_abd_smoothed
14.625,8.349602026809292,8.349602026809292,22.952798309031678,22.952798309031678
t,shoulder_L_abd_raw,shoulder_L_abd_smoothed,shoulder_R_abd_raw,shoulder_R_abd_smoothed
14.64100000000326,8.349602026809292,8.349602026809292,22.952798309031678,22.952798309031678
t,shoulder_L_abd_raw,shoulder_L_abd_smoothed,shoulder_R_abd_raw,shoulder_R_abd_smoothed
14.64100000000326,8.349602026809292,8.349602026809292,22.952798309031678,22.952798309031678
t,shoulder_L_abd_raw,shoulder_L_abd_smoothed,shoulder_R_abd_raw,shoulder_R_abd_smoothed
14.64100000000326,8.349602026809292,8.349602026809292,22.952798309031678,22.952798309031678
t,shoulder_L_abd_raw,shoulder_L_abd_smoothed,shoulder_R_abd_raw,shoulder_R_abd_smoothed
14.64100000000326,8.349602026809292,8.349602026809292,22.952798309031678,22.952798309031678
t,shoulder_L_abd_raw,shoulder_L_abd_smoothed,shoulder_R_abd_raw,shoulder_R_abd_smoothed
14.672000000020489,8.349602026809292,8.349602026809292,22.952798309031678,22.952798309031678
t,shoulder_L_abd_raw,shoulder_L_abd_smoothed,shoulder_R_abd_raw,shoulder_R_abd_smoothed
14.672000000020489,8.349602026809292,8.349602026809292,22.952798309031678,22.952798309031678
t,shoulder_L_abd_raw,shoulder_L_abd_smoothed,shoulder_R_abd_raw,shoulder_R_abd_smoothed
14.672000000020489,8.349602026809292,8.349602026809292,22.952798309031678,22.952798309031678
t,shoulder_L_abd_raw,shoulder_L_abd_smoothed,shoulder_R_abd_raw,shoulder_R_abd_smoothed
14.672000000020489,8.349602026809292,8.349602026809292,22.952798309031678,22.952798309031678
t,shoulder_L_abd_raw,shoulder_L_abd_smoothed
14.719000000040978,8.804173696026133,8.804173696026133
t,shoulder_L_abd_raw,shoulder_L_abd_smoothed
14.719000000040978,8.804173696026133,8.804173696026133
t,shoulder_L_abd_raw,shoulder_L_abd_smoothed
14.75,8.804173696026133,8.804173696026133
t,shoulder_L_abd_raw,shoulder_L_abd_smoothed
14.75,8.804173696026133,8.804173696026133
t,shoulder_L_abd_raw,shoulder_L_abd_smoothed
14.78200000000652,8.804173696026133,8.804173696026133
t,shoulder_L_abd_raw,shoulder_L_abd_smoothed
14.78200000000652,8.804173696026133,8.804173696026133
t,shoulder_L_abd_raw,shoulder_L_abd_smoothed,shoulder_R_abd_raw,shoulder_R_abd_smoothed
14.813000000023749,9.309515687863273,9.309515687863273,24.525416320106586,24.525416320106586
t,shoulder_L_abd_raw,shoulder_L_abd_smoothed,shoulder_R_abd_raw,shoulder_R_abd_smoothed
14.813000000023749,9.309515687863273,9.309515687863273,24.525416320106586,24.525416320106586
t,shoulder_L_abd_raw,shoulder_L_abd_smoothed,shoulder_R_abd_raw,shoulder_R_abd_smoothed
14.813000000023749,9.309515687863273,9.309515687863273,24.525416320106586,24.525416320106586
t,shoulder_L_abd_raw,shoulder_L_abd_smoothed,shoulder_R_abd_raw,shoulder_R_abd_smoothed
14.813000000023749,9.309515687863273,9.309515687863273,24.525416320106586,24.525416320106586
t,shoulder_L_abd_raw,shoulder_L_abd_smoothed,shoulder_R_abd_raw,shoulder_R_abd_smoothed
14.844000000040978,9.309515687863273,9.309515687863273,24.525416320106586,24.525416320106586
t,shoulder_L_abd_raw,shoulder_L_abd_smoothed,shoulder_R_abd_raw,shoulder_R_abd_smoothed
14.844000000040978,9.309515687863273,9.309515687863273,24.525416320106586,24.525416320106586
t,shoulder_L_abd_raw,shoulder_L_abd_smoothed,shoulder_R_abd_raw,shoulder_R_abd_smoothed
14.844000000040978,9.309515687863273,9.309515687863273,24.525416320106586,24.525416320106586
t,shoulder_L_abd_raw,shoulder_L_abd_smoothed,shoulder_R_abd_raw,shoulder_R_abd_smoothed
14.844000000040978,9.309515687863273,9.309515687863273,24.525416320106586,24.525416320106586
t,shoulder_L_abd_raw,shoulder_L_abd_smoothed,shoulder_R_abd_raw,shoulder_R_abd_smoothed
14.875,9.309515687863273,9.309515687863273,24.525416320106586,24.525416320106586
t,shoulder_L_abd_raw,shoulder_L_abd_smoothed,shoulder_R_abd_raw,shoulder_R_abd_smoothed
14.875,9.309515687863273,9.309515687863273,24.525416320106586,24.525416320106586
t,shoulder_L_abd_raw,shoulder_L_abd_smoothed,shoulder_R_abd_raw,shoulder_R_abd_smoothed
14.875,9.309515687863273,9.309515687863273,24.525416320106586,24.525416320106586
t,shoulder_L_abd_raw,shoulder_L_abd_smoothed,shoulder_R_abd_raw,shoulder_R_abd_smoothed
14.875,9.309515687863273,9.309515687863273,24.525416320106586,24.525416320106586
t,shoulder_L_abd_raw,shoulder_L_abd_smoothed,shoulder_R_abd_raw,shoulder_R_abd_smoothed
14.90700000000652,9.028414861391818,9.028414861391818,24.135947814275788,24.135947814275788
t,shoulder_L_abd_raw,shoulder_L_abd_smoothed,shoulder_R_abd_raw,shoulder_R_abd_smoothed
14.90700000000652,9.028414861391818,9.028414861391818,24.135947814275788,24.135947814275788
t,shoulder_L_abd_raw,shoulder_L_abd_smoothed,shoulder_R_abd_raw,shoulder_R_abd_smoothed
14.90700000000652,9.028414861391818,9.028414861391818,24.135947814275788,24.135947814275788
t,shoulder_L_abd_raw,shoulder_L_abd_smoothed,shoulder_R_abd_raw,shoulder_R_abd_smoothed
14.90700000000652,9.028414861391818,9.028414861391818,24.135947814275788,24.135947814275788
t,shoulder_L_abd_raw,shoulder_L_abd_smoothed,shoulder_R_abd_raw,shoulder_R_abd_smoothed
14.938000000023749,9.028414861391818,9.028414861391818,24.135947814275788,24.135947814275788
t,shoulder_L_abd_raw,shoulder_L_abd_smoothed,shoulder_R_abd_raw,shoulder_R_abd_smoothed
14.938000000023749,9.028414861391818,9.028414861391818,24.135947814275788,24.135947814275788
t,shoulder_L_abd_raw,shoulder_L_abd_smoothed,shoulder_R_abd_raw,shoulder_R_abd_smoothed
14.938000000023749,9.028414861391818,9.028414861391818,24.135947814275788,24.135947814275788
t,shoulder_L_abd_raw,shoulder_L_abd_smoothed,shoulder_R_abd_raw,shoulder_R_abd_smoothed
14.938000000023749,9.028414861391818,9.028414861391818,24.135947814275788,24.135947814275788
t,shoulder_L_abd_raw,shoulder_L_abd_smoothed,shoulder_R_abd_raw,shoulder_R_abd_smoothed
14.969000000040978,9.028414861391818,9.028414861391818,24.135947814275788,24.135947814275788
t,shoulder_L_abd_raw,shoulder_L_abd_smoothed,shoulder_R_abd_raw,shoulder_R_abd_smoothed
14.969000000040978,9.028414861391818,9.028414861391818,24.135947814275788,24.135947814275788
t,shoulder_L_abd_raw,shoulder_L_abd_smoothed,shoulder_R_abd_raw,shoulder_R_abd_smoothed
14.969000000040978,9.028414861391818,9.028414861391818,24.135947814275788,24.135947814275788
t,shoulder_L_abd_raw,shoulder_L_abd_smoothed,shoulder_R_abd_raw,shoulder_R_abd_smoothed
14.969000000040978,9.028414861391818,9.028414861391818,24.135947814275788,24.135947814275788
t,shoulder_L_abd_raw,shoulder_L_abd_smoothed,shoulder_R_abd_raw,shoulder_R_abd_smoothed
15.01600000000326,9.05881012810478,9.05881012810478,22.948375486283485,22.948375486283485
t,shoulder_L_abd_raw,shoulder_L_abd_smoothed,shoulder_R_abd_raw,shoulder_R_abd_smoothed
15.01600000000326,9.05881012810478,9.05881012810478,22.948375486283485,22.948375486283485
t,shoulder_L_abd_raw,shoulder_L_abd_smoothed,shoulder_R_abd_raw,shoulder_R_abd_smoothed
15.01600000000326,9.05881012810478,9.05881012810478,22.948375486283485,22.948375486283485
t,shoulder_L_abd_raw,shoulder_L_abd_smoothed,shoulder_R_abd_raw,shoulder_R_abd_smoothed
15.01600000000326,9.05881012810478,9.05881012810478,22.948375486283485,22.948375486283485
t,shoulder_L_abd_raw,shoulder_L_abd_smoothed,shoulder_R_abd_raw,shoulder_R_abd_smoothed
15.047000000020489,9.05881012810478,9.05881012810478,22.948375486283485,22.948375486283485
t,shoulder_L_abd_raw,shoulder_L_abd_smoothed,shoulder_R_abd_raw,shoulder_R_abd_smoothed
15.047000000020489,9.05881012810478,9.05881012810478,22.948375486283485,22.948375486283485
t,shoulder_L_abd_raw,shoulder_L_abd_smoothed,shoulder_R_abd_raw,shoulder_R_abd_smoothed
15.047000000020489,9.05881012810478,9.05881012810478,22.948375486283485,22.948375486283485
t,shoulder_L_abd_raw,shoulder_L_abd_smoothed,shoulder_R_abd_raw,shoulder_R_abd_smoothed
15.047000000020489,9.05881012810478,9.05881012810478,22.948375486283485,22.948375486283485
t,shoulder_L_abd_raw,shoulder_L_abd_smoothed,shoulder_R_abd_raw,shoulder_R_abd_smoothed
15.079000000027008,9.05881012810478,9.05881012810478,22.948375486283485,22.948375486283485
t,shoulder_L_abd_raw,shoulder_L_abd_smoothed,shoulder_R_abd_raw,shoulder_R_abd_smoothed
15.079000000027008,9.05881012810478,9.05881012810478,22.948375486283485,22.948375486283485
t,shoulder_L_abd_raw,shoulder_L_abd_smoothed,shoulder_R_abd_raw,shoulder_R_abd_smoothed
15.079000000027008,9.05881012810478,9.05881012810478,22.948375486283485,22.948375486283485
t,shoulder_L_abd_raw,shoulder_L_abd_smoothed,shoulder_R_abd_raw,shoulder_R_abd_smoothed
15.079000000027008,9.05881012810478,9.05881012810478,22.948375486283485,22.948375486283485
t,shoulder_L_abd_raw,shoulder_L_abd_smoothed,shoulder_R_abd_raw,shoulder_R_abd_smoothed
15.110000000044238,8.44080364978839,8.44080364978839,24.654601953974677,24.654601953974677
t,shoulder_L_abd_raw,shoulder_L_abd_smoothed,shoulder_R_abd_raw,shoulder_R_abd_smoothed
15.110000000044238,8.44080364978839,8.44080364978839,24.654601953974677,24.654601953974677
t,shoulder_L_abd_raw,shoulder_L_abd_smoothed,shoulder_R_abd_raw,shoulder_R_abd_smoothed
15.110000000044238,8.44080364978839,8.44080364978839,24.654601953974677,24.654601953974677
t,shoulder_L_abd_raw,shoulder_L_abd_smoothed,shoulder_R_abd_raw,shoulder_R_abd_smoothed
15.110000000044238,8.44080364978839,8.44080364978839,24.654601953974677,24.654601953974677
t,shoulder_L_abd_raw,shoulder_L_abd_smoothed,shoulder_R_abd_raw,shoulder_R_abd_smoothed
15.14100000000326,8.44080364978839,8.44080364978839,24.654601953974677,24.654601953974677
t,shoulder_L_abd_raw,shoulder_L_abd_smoothed,shoulder_R_abd_raw,shoulder_R_abd_smoothed
15.14100000000326,8.44080364978839,8.44080364978839,24.654601953974677,24.654601953974677
t,shoulder_L_abd_raw,shoulder_L_abd_smoothed,shoulder_R_abd_raw,shoulder_R_abd_smoothed
15.14100000000326,8.44080364978839,8.44080364978839,24.654601953974677,24.654601953974677
t,shoulder_L_abd_raw,shoulder_L_abd_smoothed,shoulder_R_abd_raw,shoulder_R_abd_smoothed
15.14100000000326,8.44080364978839,8.44080364978839,24.654601953974677,24.654601953974677
t,shoulder_L_abd_raw,shoulder_L_abd_smoothed,shoulder_R_abd_raw,shoulder_R_abd_smoothed
15.172000000020489,8.44080364978839,8.44080364978839,24.654601953974677,24.654601953974677
t,shoulder_L_abd_raw,shoulder_L_abd_smoothed,shoulder_R_abd_raw,shoulder_R_abd_smoothed
15.172000000020489,8.44080364978839,8.44080364978839,24.654601953974677,24.654601953974677
t,shoulder_L_abd_raw,shoulder_L_abd_smoothed,shoulder_R_abd_raw,shoulder_R_abd_smoothed
15.172000000020489,8.44080364978839,8.44080364978839,24.654601953974677,24.654601953974677
t,shoulder_L_abd_raw,shoulder_L_abd_smoothed,shoulder_R_abd_raw,shoulder_R_abd_smoothed
15.172000000020489,8.44080364978839,8.44080364978839,24.654601953974677,24.654601953974677
t,shoulder_L_abd_raw,shoulder_L_abd_smoothed,shoulder_R_abd_raw,shoulder_R_abd_smoothed
15.204000000027008,8.976580900269415,8.976580900269415,22.83233197197387,22.83233197197387
t,shoulder_L_abd_raw,shoulder_L_abd_smoothed,shoulder_R_abd_raw,shoulder_R_abd_smoothed
15.204000000027008,8.976580900269415,8.976580900269415,22.83233197197387,22.83233197197387
t,shoulder_L_abd_raw,shoulder_L_abd_smoothed,shoulder_R_abd_raw,shoulder_R_abd_smoothed
15.204000000027008,8.976580900269415,8.976580900269415,22.83233197197387,22.83233197197387
t,shoulder_L_abd_raw,shoulder_L_abd_smoothed,shoulder_R_abd_raw,shoulder_R_abd_smoothed
15.204000000027008,8.976580900269415,8.976580900269415,22.83233197197387,22.83233197197387
t,shoulder_L_abd_raw,shoulder_L_abd_smoothed,shoulder_R_abd_raw,shoulder_R_abd_smoothed
15.235000000044238,8.976580900269415,8.976580900269415,22.83233197197387,22.83233197197387
t,shoulder_L_abd_raw,shoulder_L_abd_smoothed,shoulder_R_abd_raw,shoulder_R_abd_smoothed
15.235000000044238,8.976580900269415,8.976580900269415,22.83233197197387,22.83233197197387
t,shoulder_L_abd_raw,shoulder_L_abd_smoothed,shoulder_R_abd_raw,shoulder_R_abd_smoothed
15.235000000044238,8.976580900269415,8.976580900269415,22.83233197197387,22.83233197197387
t,shoulder_L_abd_raw,shoulder_L_abd_smoothed,shoulder_R_abd_raw,shoulder_R_abd_smoothed
15.235000000044238,8.976580900269415,8.976580900269415,22.83233197197387,22.83233197197387
t,shoulder_L_abd_raw,shoulder_L_abd_smoothed,shoulder_R_abd_raw,shoulder_R_abd_smoothed
15.26600000000326,8.976580900269415,8.976580900269415,22.83233197197387,22.83233197197387
t,shoulder_L_abd_raw,shoulder_L_abd_smoothed,shoulder_R_abd_raw,shoulder_R_abd_smoothed
15.26600000000326,8.976580900269415,8.976580900269415,22.83233197197387,22.83233197197387
t,shoulder_L_abd_raw,shoulder_L_abd_smoothed,shoulder_R_abd_raw,shoulder_R_abd_smoothed
15.26600000000326,8.976580900269415,8.976580900269415,22.83233197197387,22.83233197197387
t,shoulder_L_abd_raw,shoulder_L_abd_smoothed,shoulder_R_abd_raw,shoulder_R_abd_smoothed
15.26600000000326,8.976580900269415,8.976580900269415,22.83233197197387,22.83233197197387
t,shoulder_L_abd_raw,shoulder_L_abd_smoothed
15.313000000023749,9.464999940077723,9.464999940077723
t,shoulder_L_abd_raw,shoulder_L_abd_smoothed
15.313000000023749,9.464999940077723,9.464999940077723
t,shoulder_L_abd_raw,shoulder_L_abd_smoothed
15.344000000040978,9.464999940077723,9.464999940077723
t,shoulder_L_abd_raw,shoulder_L_abd_smoothed
15.344000000040978,9.464999940077723,9.464999940077723
t,shoulder_L_abd_raw,shoulder_L_abd_smoothed
15.375,9.464999940077723,9.464999940077723
t,shoulder_L_abd_raw,shoulder_L_abd_smoothed
15.375,9.464999940077723,9.464999940077723
t,shoulder_L_abd_raw,shoulder_L_abd_smoothed,shoulder_R_abd_raw,shoulder_R_abd_smoothed
15.422000000020489,10.290958038451919,10.290958038451919,21.925478587223925,21.925478587223925
t,shoulder_L_abd_raw,shoulder_L_abd_smoothed,shoulder_R_abd_raw,shoulder_R_abd_smoothed
15.422000000020489,10.290958038451919,10.290958038451919,21.925478587223925,21.925478587223925
t,shoulder_L_abd_raw,shoulder_L_abd_smoothed,shoulder_R_abd_raw,shoulder_R_abd_smoothed
15.422000000020489,10.290958038451919,10.290958038451919,21.925478587223925,21.925478587223925
t,shoulder_L_abd_raw,shoulder_L_abd_smoothed,shoulder_R_abd_raw,shoulder_R_abd_smoothed
15.422000000020489,10.290958038451919,10.290958038451919,21.925478587223925,21.925478587223925
t,shoulder_L_abd_raw,shoulder_L_abd_smoothed,shoulder_R_abd_raw,shoulder_R_abd_smoothed
15.454000000027008,10.290958038451919,10.290958038451919,21.925478587223925,21.925478587223925
t,shoulder_L_abd_raw,shoulder_L_abd_smoothed,shoulder_R_abd_raw,shoulder_R_abd_smoothed
15.454000000027008,10.290958038451919,10.290958038451919,21.925478587223925,21.925478587223925
t,shoulder_L_abd_raw,shoulder_L_abd_smoothed,shoulder_R_abd_raw,shoulder_R_abd_smoothed
15.454000000027008,10.290958038451919,10.290958038451919,21.925478587223925,21.925478587223925
t,shoulder_L_abd_raw,shoulder_L_abd_smoothed,shoulder_R_abd_raw,shoulder_R_abd_smoothed
15.454000000027008,10.290958038451919,10.290958038451919,21.925478587223925,21.925478587223925
t,shoulder_L_abd_raw,shoulder_L_abd_smoothed,shoulder_R_abd_raw,shoulder_R_abd_smoothed
15.469000000040978,10.290958038451919,10.290958038451919,21.925478587223925,21.925478587223925
t,shoulder_L_abd_raw,shoulder_L_abd_smoothed,shoulder_R_abd_raw,shoulder_R_abd_smoothed
15.469000000040978,10.290958038451919,10.290958038451919,21.925478587223925,21.925478587223925
t,shoulder_L_abd_raw,shoulder_L_abd_smoothed,shoulder_R_abd_raw,shoulder_R_abd_smoothed
15.469000000040978,10.290958038451919,10.290958038451919,21.925478587223925,21.925478587223925
t,shoulder_L_abd_raw,shoulder_L_abd_smoothed,shoulder_R_abd_raw,shoulder_R_abd_smoothed
15.469000000040978,10.290958038451919,10.290958038451919,21.925478587223925,21.925478587223925
t,elbow_right_raw,elbow_right_smoothed,neck_flex_raw,neck_flex_smoothed
15.51600000000326,168.55419674959774,168.55419674959774,21.457240744325592,9.486269307178446
t,elbow_right_raw,elbow_right_smoothed,neck_flex_raw,neck_flex_smoothed
15.51600000000326,168.55419674959774,168.55419674959774,21.457240744325592,9.486269307178446
t,elbow_right_raw,elbow_right_smoothed,neck_flex_raw,neck_flex_smoothed
15.51600000000326,168.55419674959774,168.55419674959774,21.457240744325592,9.486269307178446
t,elbow_right_raw,elbow_right_smoothed,neck_flex_raw,neck_flex_smoothed
15.51600000000326,168.55419674959774,168.55419674959774,21.457240744325592,9.486269307178446
t,elbow_right_raw,elbow_right_smoothed,neck_flex_raw,neck_flex_smoothed
15.53200000000652,168.55419674959774,168.55419674959774,21.457240744325592,11.880463594607875
t,elbow_right_raw,elbow_right_smoothed,neck_flex_raw,neck_flex_smoothed
15.53200000000652,168.55419674959774,168.55419674959774,21.457240744325592,11.880463594607875
t,elbow_right_raw,elbow_right_smoothed,neck_flex_raw,neck_flex_smoothed
15.53200000000652,168.55419674959774,168.55419674959774,21.457240744325592,11.880463594607875
t,elbow_right_raw,elbow_right_smoothed,neck_flex_raw,neck_flex_smoothed
15.53200000000652,168.55419674959774,168.55419674959774,21.457240744325592,11.880463594607875
t,elbow_right_raw,elbow_right_smoothed,neck_flex_raw,neck_flex_smoothed
15.563000000023749,168.55419674959774,168.55419674959774,21.457240744325592,13.795819024551419
t,elbow_right_raw,elbow_right_smoothed,neck_flex_raw,neck_flex_smoothed
15.563000000023749,168.55419674959774,168.55419674959774,21.457240744325592,13.795819024551419
t,elbow_right_raw,elbow_right_smoothed,neck_flex_raw,neck_flex_smoothed
15.563000000023749,168.55419674959774,168.55419674959774,21.457240744325592,13.795819024551419
t,elbow_right_raw,elbow_right_smoothed,neck_flex_raw,neck_flex_smoothed
15.563000000023749,168.55419674959774,168.55419674959774,21.457240744325592,13.795819024551419
t,neck_flex_raw,neck_flex_smoothed
15.610000000044238,19.793777479785053,14.995410715598146
t,neck_flex_raw,neck_flex_smoothed
15.610000000044238,19.793777479785053,14.995410715598146
t,neck_flex_raw,neck_flex_smoothed
15.64100000000326,19.793777479785053,15.955084068435529
t,neck_flex_raw,neck_flex_smoothed
15.64100000000326,19.793777479785053,15.955084068435529
t,neck_flex_raw,neck_flex_smoothed
15.65700000000652,19.793777479785053,16.722822750705433
t,neck_flex_raw,neck_flex_smoothed
15.65700000000652,19.793777479785053,16.722822750705433
t,shoulder_L_abd_raw,shoulder_L_abd_smoothed,shoulder_R_abd_raw,shoulder_R_abd_smoothed
15.704000000027008,9.60330641329867,9.60330641329867,21.056727590998776,21.056727590998776
t,shoulder_L_abd_raw,shoulder_L_abd_smoothed,shoulder_R_abd_raw,shoulder_R_abd_smoothed
15.704000000027008,9.60330641329867,9.60330641329867,21.056727590998776,21.056727590998776
t,shoulder_L_abd_raw,shoulder_L_abd_smoothed,shoulder_R_abd_raw,shoulder_R_abd_smoothed
15.704000000027008,9.60330641329867,9.60330641329867,21.056727590998776,21.056727590998776
t,shoulder_L_abd_raw,shoulder_L_abd_smoothed,shoulder_R_abd_raw,shoulder_R_abd_smoothed
15.704000000027008,9.60330641329867,9.60330641329867,21.056727590998776,21.056727590998776
t,shoulder_L_abd_raw,shoulder_L_abd_smoothed,shoulder_R_abd_raw,shoulder_R_abd_smoothed
15.735000000044238,9.60330641329867,9.60330641329867,21.056727590998776,21.056727590998776
t,shoulder_L_abd_raw,shoulder_L_abd_smoothed,shoulder_R_abd_raw,shoulder_R_abd_smoothed
15.735000000044238,9.60330641329867,9.60330641329867,21.056727590998776,21.056727590998776
t,shoulder_L_abd_raw,shoulder_L_abd_smoothed,shoulder_R_abd_raw,shoulder_R_abd_smoothed
15.735000000044238,9.60330641329867,9.60330641329867,21.056727590998776,21.056727590998776
t,shoulder_L_abd_raw,shoulder_L_abd_smoothed,shoulder_R_abd_raw,shoulder_R_abd_smoothed
15.735000000044238,9.60330641329867,9.60330641329867,21.056727590998776,21.056727590998776
t,shoulder_L_abd_raw,shoulder_L_abd_smoothed,shoulder_R_abd_raw,shoulder_R_abd_smoothed
15.75,9.60330641329867,9.60330641329867,21.056727590998776,21.056727590998776
t,shoulder_L_abd_raw,shoulder_L_abd_smoothed,shoulder_R_abd_raw,shoulder_R_abd_smoothed
15.75,9.60330641329867,9.60330641329867,21.056727590998776,21.056727590998776
t,shoulder_L_abd_raw,shoulder_L_abd_smoothed,shoulder_R_abd_raw,shoulder_R_abd_smoothed
15.75,9.60330641329867,9.60330641329867,21.056727590998776,21.056727590998776
t,shoulder_L_abd_raw,shoulder_L_abd_smoothed,shoulder_R_abd_raw,shoulder_R_abd_smoothed
15.75,9.60330641329867,9.60330641329867,21.056727590998776,21.056727590998776
t,shoulder_L_abd_raw,shoulder_L_abd_smoothed
15.813000000023749,9.276948127115062,9.276948127115062
t,shoulder_L_abd_raw,shoulder_L_abd_smoothed
15.813000000023749,9.276948127115062,9.276948127115062
t,shoulder_L_abd_raw,shoulder_L_abd_smoothed
15.844000000040978,9.276948127115062,9.276948127115062
t,shoulder_L_abd_raw,shoulder_L_abd_smoothed
15.844000000040978,9.276948127115062,9.276948127115062
t,shoulder_L_abd_raw,shoulder_L_abd_smoothed
15.860000000044238,9.276948127115062,9.276948127115062
t,shoulder_L_abd_raw,shoulder_L_abd_smoothed
15.860000000044238,9.276948127115062,9.276948127115062
t,neck_flex_raw,neck_flex_smoothed
15.90700000000652,0.5435666294679408,13.486971526457934
t,neck_flex_raw,neck_flex_smoothed
15.90700000000652,0.5435666294679408,13.486971526457934
t,neck_flex_raw,neck_flex_smoothed
15.938000000023749,0.5435666294679408,10.898290547059934
t,neck_flex_raw,neck_flex_smoothed
15.938000000023749,0.5435666294679408,10.898290547059934
t,neck_flex_raw,neck_flex_smoothed
15.969000000040978,0.5435666294679408,8.827345763541535
t,neck_flex_raw,neck_flex_smoothed
15.969000000040978,0.5435666294679408,8.827345763541535
t,neck_flex_raw,neck_flex_smoothed
16.0,5.532259682280016,8.168328547289232
t,neck_flex_raw,neck_flex_smoothed
16.0,5.532259682280016,8.168328547289232
t,neck_flex_raw,neck_flex_smoothed
16.03200000000652,5.532259682280016,7.641114774287389
t,neck_flex_raw,neck_flex_smoothed
16.03200000000652,5.532259682280016,7.641114774287389
t,neck_flex_raw,neck_flex_smoothed
16.06300000002375,5.532259682280016,7.219343755885915
t,neck_flex_raw,neck_flex_smoothed
16.06300000002375,5.532259682280016,7.219343755885915
t,shoulder_L_abd_raw,shoulder_L_abd_smoothed,shoulder_R_abd_raw,shoulder_R_abd_smoothed
16.125,8.05156901429605,8.05156901429605,23.958761417226604,23.958761417226604
t,shoulder_L_abd_raw,shoulder_L_abd_smoothed,shoulder_R_abd_raw,shoulder_R_abd_smoothed
16.125,8.05156901429605,8.05156901429605,23.958761417226604,23.958761417226604
t,shoulder_L_abd_raw,shoulder_L_abd_smoothed,shoulder_R_abd_raw,shoulder_R_abd_smoothed
16.125,8.05156901429605,8.05156901429605,23.958761417226604,23.958761417226604
t,shoulder_L_abd_raw,shoulder_L_abd_smoothed,shoulder_R_abd_raw,shoulder_R_abd_smoothed
16.125,8.05156901429605,8.05156901429605,23.958761417226604,23.958761417226604
t,shoulder_L_abd_raw,shoulder_L_abd_smoothed,shoulder_R_abd_raw,shoulder_R_abd_smoothed
16.14100000000326,8.05156901429605,8.05156901429605,23.958761417226604,23.958761417226604
t,shoulder_L_abd_raw,shoulder_L_abd_smoothed,shoulder_R_abd_raw,shoulder_R_abd_smoothed
16.14100000000326,8.05156901429605,8.05156901429605,23.958761417226604,23.958761417226604
t,shoulder_L_abd_raw,shoulder_L_abd_smoothed,shoulder_R_abd_raw,shoulder_R_abd_smoothed
16.14100000000326,8.05156901429605,8.05156901429605,23.958761417226604,23.958761417226604
t,shoulder_L_abd_raw,shoulder_L_abd_smoothed,shoulder_R_abd_raw,shoulder_R_abd_smoothed
16.14100000000326,8.05156901429605,8.05156901429605,23.958761417226604,23.958761417226604
t,shoulder_L_abd_raw,shoulder_L_abd_smoothed,shoulder_R_abd_raw,shoulder_R_abd_smoothed
16.17200000002049,8.05156901429605,8.05156901429605,23.958761417226604,23.958761417226604
t,shoulder_L_abd_raw,shoulder_L_abd_smoothed,shoulder_R_abd_raw,shoulder_R_abd_smoothed
16.17200000002049,8.05156901429605,8.05156901429605,23.958761417226604,23.958761417226604
t,shoulder_L_abd_raw,shoulder_L_abd_smoothed,shoulder_R_abd_raw,shoulder_R_abd_smoothed
16.17200000002049,8.05156901429605,8.05156901429605,23.958761417226604,23.958761417226604
t,shoulder_L_abd_raw,shoulder_L_abd_smoothed,shoulder_R_abd_raw,shoulder_R_abd_smoothed
16.17200000002049,8.05156901429605,8.05156901429605,23.958761417226604,23.958761417226604
t,neck_flex_raw,neck_flex_smoothed
16.219000000040978,14.462239388387328,8.667922882386197
t,neck_flex_raw,neck_flex_smoothed
16.219000000040978,14.462239388387328,8.667922882386197
t,neck_flex_raw,neck_flex_smoothed
16.235000000044238,14.462239388387328,9.826786183586425
t,neck_flex_raw,neck_flex_smoothed
16.235000000044238,14.462239388387328,9.826786183586425
t,neck_flex_raw,neck_flex_smoothed
16.26600000000326,14.462239388387328,10.753876824546605
t,neck_flex_raw,neck_flex_smoothed
16.26600000000326,14.462239388387328,10.753876824546605
t,shoulder_L_abd_raw,shoulder_L_abd_smoothed,shoulder_R_abd_raw,shoulder_R_abd_smoothed
16.31300000002375,6.9971460505008665,6.9971460505008665,23.452120735465037,23.452120735465037
t,shoulder_L_abd_raw,shoulder_L_abd_smoothed,shoulder_R_abd_raw,shoulder_R_abd_smoothed
16.31300000002375,6.9971460505008665,6.9971460505008665,23.452120735465037,23.452120735465037
t,shoulder_L_abd_raw,shoulder_L_abd_smoothed,shoulder_R_abd_raw,shoulder_R_abd_smoothed
16.31300000002375,6.9971460505008665,6.9971460505008665,23.452120735465037,23.452120735465037
t,shoulder_L_abd_raw,shoulder_L_abd_smoothed,shoulder_R_abd_raw,shoulder_R_abd_smoothed
16.31300000002375,6.9971460505008665,6.9971460505008665,23.452120735465037,23.452120735465037
t,shoulder_L_abd_raw,shoulder_L_abd_smoothed,shoulder_R_abd_raw,shoulder_R_abd_smoothed
16.344000000040978,6.9971460505008665,6.9971460505008665,23.452120735465037,23.452120735465037
t,shoulder_L_abd_raw,shoulder_L_abd_smoothed,shoulder_R_abd_raw,shoulder_R_abd_smoothed
16.344000000040978,6.9971460505008665,6.9971460505008665,23.452120735465037,23.452120735465037
t,shoulder_L_abd_raw,shoulder_L_abd_smoothed,shoulder_R_abd_raw,shoulder_R_abd_smoothed
16.344000000040978,6.9971460505008665,6.9971460505008665,23.452120735465037,23.452120735465037
t,shoulder_L_abd_raw,shoulder_L_abd_smoothed,shoulder_R_abd_raw,shoulder_R_abd_smoothed
16.344000000040978,6.9971460505008665,6.9971460505008665,23.452120735465037,23.452120735465037
t,shoulder_L_abd_raw,shoulder_L_abd_smoothed,shoulder_R_abd_raw,shoulder_R_abd_smoothed
16.360000000044238,6.9971460505008665,6.9971460505008665,23.452120735465037,23.452120735465037
t,shoulder_L_abd_raw,shoulder_L_abd_smoothed,shoulder_R_abd_raw,shoulder_R_abd_smoothed
16.360000000044238,6.9971460505008665,6.9971460505008665,23.452120735465037,23.452120735465037
t,shoulder_L_abd_raw,shoulder_L_abd_smoothed,shoulder_R_abd_raw,shoulder_R_abd_smoothed
16.360000000044238,6.9971460505008665,6.9971460505008665,23.452120735465037,23.452120735465037
t,shoulder_L_abd_raw,shoulder_L_abd_smoothed,shoulder_R_abd_raw,shoulder_R_abd_smoothed
16.360000000044238,6.9971460505008665,6.9971460505008665,23.452120735465037,23.452120735465037
t,neck_flex_raw,neck_flex_smoothed
16.40700000000652,19.62927232152605,12.528955923942496
t,neck_flex_raw,neck_flex_smoothed
16.40700000000652,19.62927232152605,12.528955923942496
t,neck_flex_raw,neck_flex_smoothed
16.43800000002375,19.62927232152605,13.949019203459208
t,neck_flex_raw,neck_flex_smoothed
16.43800000002375,19.62927232152605,13.949019203459208
t,neck_flex_raw,neck_flex_smoothed
16.45400000002701,19.62927232152605,15.085069827072578
t,neck_flex_raw,neck_flex_smoothed
16.45400000002701,19.62927232152605,15.085069827072578
t,shoulder_R_abd_raw,shoulder_R_abd_smoothed
16.51600000000326,23.952646666506933,23.952646666506933
t,shoulder_R_abd_raw,shoulder_R_abd_smoothed
16.51600000000326,23.952646666506933,23.952646666506933
t,shoulder_R_abd_raw,shoulder_R_abd_smoothed
16.54700000002049,23.952646666506933,23.952646666506933
t,shoulder_R_abd_raw,shoulder_R_abd_smoothed
16.54700000002049,23.952646666506933,23.952646666506933
t,shoulder_R_abd_raw,shoulder_R_abd_smoothed
16.57900000002701,23.952646666506933,23.952646666506933
t,shoulder_R_abd_raw,shoulder_R_abd_smoothed
16.57900000002701,23.952646666506933,23.952646666506933
t,elbow_left_raw,elbow_left_smoothed,neck_flex_raw,neck_flex_smoothed
16.610000000044238,179.85329019303558,179.34338134634004,20.887055746848493,16.245467011027763
t,elbow_left_raw,elbow_left_smoothed,neck_flex_raw,neck_flex_smoothed
16.610000000044238,179.85329019303558,179.34338134634004,20.887055746848493,16.245467011027763
t,elbow_left_raw,elbow_left_smoothed,neck_flex_raw,neck_flex_smoothed
16.610000000044238,179.85329019303558,179.34338134634004,20.887055746848493,16.245467011027763
t,elbow_left_raw,elbow_left_smoothed,neck_flex_raw,neck_flex_smoothed
16.610000000044238,179.85329019303558,179.34338134634004,20.887055746848493,16.245467011027763
t,elbow_left_raw,elbow_left_smoothed,neck_flex_raw,neck_flex_smoothed
16.64100000000326,179.85329019303558,179.44536311567916,20.887055746848493,17.17378475819191
t,elbow_left_raw,elbow_left_smoothed,neck_flex_raw,neck_flex_smoothed
16.64100000000326,179.85329019303558,179.44536311567916,20.887055746848493,17.17378475819191
t,elbow_left_raw,elbow_left_smoothed,neck_flex_raw,neck_flex_smoothed
16.64100000000326,179.85329019303558,179.44536311567916,20.887055746848493,17.17378475819191
t,elbow_left_raw,elbow_left_smoothed,neck_flex_raw,neck_flex_smoothed
16.64100000000326,179.85329019303558,179.44536311567916,20.887055746848493,17.17378475819191
t,elbow_left_raw,elbow_left_smoothed,neck_flex_raw,neck_flex_smoothed
16.67200000002049,179.85329019303558,179.52694853115045,20.887055746848493,17.91643895592323
t,elbow_left_raw,elbow_left_smoothed,neck_flex_raw,neck_flex_smoothed
16.67200000002049,179.85329019303558,179.52694853115045,20.887055746848493,17.91643895592323
t,elbow_left_raw,elbow_left_smoothed,neck_flex_raw,neck_flex_smoothed
16.67200000002049,179.85329019303558,179.52694853115045,20.887055746848493,17.91643895592323
t,elbow_left_raw,elbow_left_smoothed,neck_flex_raw,neck_flex_smoothed
16.67200000002049,179.85329019303558,179.52694853115045,20.887055746848493,17.91643895592323
t,neck_flex_raw,neck_flex_smoothed
16.719000000040978,20.70189899074861,18.473530962888308
t,neck_flex_raw,neck_flex_smoothed
16.719000000040978,20.70189899074861,18.473530962888308
t,neck_flex_raw,neck_flex_smoothed
16.735000000044238,20.70189899074861,18.91920456846037
t,neck_flex_raw,neck_flex_smoothed
16.735000000044238,20.70189899074861,18.91920456846037
t,neck_flex_raw,neck_flex_smoothed
16.76600000000326,20.70189899074861,19.275743452918018
t,neck_flex_raw,neck_flex_smoothed
16.76600000000326,20.70189899074861,19.275743452918018
t,neck_flex_raw,neck_flex_smoothed
16.81300000002375,22.19037016556056,19.858668795446526
t,neck_flex_raw,neck_flex_smoothed
16.81300000002375,22.19037016556056,19.858668795446526
t,neck_flex_raw,neck_flex_smoothed
16.82900000002701,22.19037016556056,20.325009069469335
t,neck_flex_raw,neck_flex_smoothed
16.82900000002701,22.19037016556056,20.325009069469335
t,neck_flex_raw,neck_flex_smoothed
16.860000000044238,22.19037016556056,20.698081288687582
t,neck_flex_raw,neck_flex_smoothed
16.860000000044238,22.19037016556056,20.698081288687582
t,shoulder_R_abd_raw,shoulder_R_abd_smoothed
16.92200000002049,18.54033754816438,18.54033754816438
t,shoulder_R_abd_raw,shoulder_R_abd_smoothed
16.92200000002049,18.54033754816438,18.54033754816438
t,shoulder_R_abd_raw,shoulder_R_abd_smoothed
16.95400000002701,18.54033754816438,18.54033754816438
t,shoulder_R_abd_raw,shoulder_R_abd_smoothed
16.95400000002701,18.54033754816438,18.54033754816438
t,shoulder_R_abd_raw,shoulder_R_abd_smoothed
16.969000000040978,18.54033754816438,18.54033754816438
t,shoulder_R_abd_raw,shoulder_R_abd_smoothed
16.969000000040978,18.54033754816438,18.54033754816438
t,shoulder_L_abd_raw,shoulder_L_abd_smoothed,shoulder_R_abd_raw,shoulder_R_abd_smoothed
17.01600000000326,5.922516341855433,5.922516341855433,24.322916536735065,24.322916536735065
t,shoulder_L_abd_raw,shoulder_L_abd_smoothed,shoulder_R_abd_raw,shoulder_R_abd_smoothed
17.01600000000326,5.922516341855433,5.922516341855433,24.322916536735065,24.322916536735065
t,shoulder_L_abd_raw,shoulder_L_abd_smoothed,shoulder_R_abd_raw,shoulder_R_abd_smoothed
17.01600000000326,5.922516341855433,5.922516341855433,24.322916536735065,24.322916536735065
t,shoulder_L_abd_raw,shoulder_L_abd_smoothed,shoulder_R_abd_raw,shoulder_R_abd_smoothed
17.01600000000326,5.922516341855433,5.922516341855433,24.322916536735065,24.322916536735065
t,shoulder_L_abd_raw,shoulder_L_abd_smoothed,shoulder_R_abd_raw,shoulder_R_abd_smoothed
17.03200000000652,5.922516341855433,5.922516341855433,24.322916536735065,24.322916536735065
t,shoulder_L_abd_raw,shoulder_L_abd_smoothed,shoulder_R_abd_raw,shoulder_R_abd_smoothed
17.03200000000652,5.922516341855433,5.922516341855433,24.322916536735065,24.322916536735065
t,shoulder_L_abd_raw,shoulder_L_abd_smoothed,shoulder_R_abd_raw,shoulder_R_abd_smoothed
17.03200000000652,5.922516341855433,5.922516341855433,24.322916536735065,24.322916536735065
t,shoulder_L_abd_raw,shoulder_L_abd_smoothed,shoulder_R_abd_raw,shoulder_R_abd_smoothed
17.03200000000652,5.922516341855433,5.922516341855433,24.322916536735065,24.322916536735065
t,shoulder_L_abd_raw,shoulder_L_abd_smoothed,shoulder_R_abd_raw,shoulder_R_abd_smoothed
17.06300000002375,5.922516341855433,5.922516341855433,24.322916536735065,24.322916536735065
t,shoulder_L_abd_raw,shoulder_L_abd_smoothed,shoulder_R_abd_raw,shoulder_R_abd_smoothed
17.06300000002375,5.922516341855433,5.922516341855433,24.322916536735065,24.322916536735065
t,shoulder_L_abd_raw,shoulder_L_abd_smoothed,shoulder_R_abd_raw,shoulder_R_abd_smoothed
17.06300000002375,5.922516341855433,5.922516341855433,24.322916536735065,24.322916536735065
t,shoulder_L_abd_raw,shoulder_L_abd_smoothed,shoulder_R_abd_raw,shoulder_R_abd_smoothed
17.06300000002375,5.922516341855433,5.922516341855433,24.322916536735065,24.322916536735065
t,shoulder_L_abd_raw,shoulder_L_abd_smoothed,shoulder_R_abd_raw,shoulder_R_abd_smoothed
17.110000000044238,5.587985282334378,5.587985282334378,24.206290908306304,24.206290908306304
t,shoulder_L_abd_raw,shoulder_L_abd_smoothed,shoulder_R_abd_raw,shoulder_R_abd_smoothed
17.110000000044238,5.587985282334378,5.587985282334378,24.206290908306304,24.206290908306304
t,shoulder_L_abd_raw,shoulder_L_abd_smoothed,shoulder_R_abd_raw,shoulder_R_abd_smoothed
17.110000000044238,5.587985282334378,5.587985282334378,24.206290908306304,24.206290908306304
t,shoulder_L_abd_raw,shoulder_L_abd_smoothed,shoulder_R_abd_raw,shoulder_R_abd_smoothed
17.110000000044238,5.587985282334378,5.587985282334378,24.206290908306304,24.206290908306304
t,shoulder_L_abd_raw,shoulder_L_abd_smoothed,shoulder_R_abd_raw,shoulder_R_abd_smoothed
17.14100000000326,5.587985282334378,5.587985282334378,24.206290908306304,24.206290908306304
t,shoulder_L_abd_raw,shoulder_L_abd_smoothed,shoulder_R_abd_raw,shoulder_R_abd_smoothed
17.14100000000326,5.587985282334378,5.587985282334378,24.206290908306304,24.206290908306304
t,shoulder_L_abd_raw,shoulder_L_abd_smoothed,shoulder_R_abd_raw,shoulder_R_abd_smoothed
17.14100000000326,5.587985282334378,5.587985282334378,24.206290908306304,24.206290908306304
t,shoulder_L_abd_raw,shoulder_L_abd_smoothed,shoulder_R_abd_raw,shoulder_R_abd_smoothed
17.14100000000326,5.587985282334378,5.587985282334378,24.206290908306304,24.206290908306304
t,shoulder_L_abd_raw,shoulder_L_abd_smoothed,shoulder_R_abd_raw,shoulder_R_abd_smoothed
17.15700000000652,5.587985282334378,5.587985282334378,24.206290908306304,24.206290908306304
t,shoulder_L_abd_raw,shoulder_L_abd_smoothed,shoulder_R_abd_raw,shoulder_R_abd_smoothed
17.15700000000652,5.587985282334378,5.587985282334378,24.206290908306304,24.206290908306304
t,shoulder_L_abd_raw,shoulder_L_abd_smoothed,shoulder_R_abd_raw,shoulder_R_abd_smoothed
17.15700000000652,5.587985282334378,5.587985282334378,24.206290908306304,24.206290908306304
t,shoulder_L_abd_raw,shoulder_L_abd_smoothed,shoulder_R_abd_raw,shoulder_R_abd_smoothed
17.15700000000652,5.587985282334378,5.587985282334378,24.206290908306304,24.206290908306304
t,shoulder_L_abd_raw,shoulder_L_abd_smoothed,shoulder_R_abd_raw,shoulder_R_abd_smoothed
17.20400000002701,5.69660277339255,5.69660277339255,23.791044666248496,23.791044666248496
t,shoulder_L_abd_raw,shoulder_L_abd_smoothed,shoulder_R_abd_raw,shoulder_R_abd_smoothed
17.20400000002701,5.69660277339255,5.69660277339255,23.791044666248496,23.791044666248496
t,shoulder_L_abd_raw,shoulder_L_abd_smoothed,shoulder_R_abd_raw,shoulder_R_abd_smoothed
17.20400000002701,5.69660277339255,5.69660277339255,23.791044666248496,23.791044666248496
t,shoulder_L_abd_raw,shoulder_L_abd_smoothed,shoulder_R_abd_raw,shoulder_R_abd_smoothed
17.20400000002701,5.69660277339255,5.69660277339255,23.791044666248496,23.791044666248496
t,shoulder_L_abd_raw,shoulder_L_abd_smoothed,shoulder_R_abd_raw,shoulder_R_abd_smoothed
17.235000000044238,5.69660277339255,5.69660277339255,23.791044666248496,23.791044666248496
t,shoulder_L_abd_raw,shoulder_L_abd_smoothed,shoulder_R_abd_raw,shoulder_R_abd_smoothed
17.235000000044238,5.69660277339255,5.69660277339255,23.791044666248496,23.791044666248496
t,shoulder_L_abd_raw,shoulder_L_abd_smoothed,shoulder_R_abd_raw,shoulder_R_abd_smoothed
17.235000000044238,5.69660277339255,5.69660277339255,23.791044666248496,23.791044666248496
t,shoulder_L_abd_raw,shoulder_L_abd_smoothed,shoulder_R_abd_raw,shoulder_R_abd_smoothed
17.235000000044238,5.69660277339255,5.69660277339255,23.791044666248496,23.791044666248496
t,shoulder_L_abd_raw,shoulder_L_abd_smoothed,shoulder_R_abd_raw,shoulder_R_abd_smoothed
17.25,5.69660277339255,5.69660277339255,23.791044666248496,23.791044666248496
t,shoulder_L_abd_raw,shoulder_L_abd_smoothed,shoulder_R_abd_raw,shoulder_R_abd_smoothed
17.25,5.69660277339255,5.69660277339255,23.791044666248496,23.791044666248496
t,shoulder_L_abd_raw,shoulder_L_abd_smoothed,shoulder_R_abd_raw,shoulder_R_abd_smoothed
17.25,5.69660277339255,5.69660277339255,23.791044666248496,23.791044666248496
t,shoulder_L_abd_raw,shoulder_L_abd_smoothed,shoulder_R_abd_raw,shoulder_R_abd_smoothed
17.25,5.69660277339255,5.69660277339255,23.791044666248496,23.791044666248496
t,shoulder_L_abd_raw,shoulder_L_abd_smoothed,shoulder_R_abd_raw,shoulder_R_abd_smoothed
17.31300000002375,5.969363015878505,5.969363015878505,23.48610406904832,23.48610406904832
t,shoulder_L_abd_raw,shoulder_L_abd_smoothed,shoulder_R_abd_raw,shoulder_R_abd_smoothed
17.31300000002375,5.969363015878505,5.969363015878505,23.48610406904832,23.48610406904832
t,shoulder_L_abd_raw,shoulder_L_abd_smoothed,shoulder_R_abd_raw,shoulder_R_abd_smoothed
17.31300000002375,5.969363015878505,5.969363015878505,23.48610406904832,23.48610406904832
t,shoulder_L_abd_raw,shoulder_L_abd_smoothed,shoulder_R_abd_raw,shoulder_R_abd_smoothed
17.31300000002375,5.969363015878505,5.969363015878505,23.48610406904832,23.48610406904832
t,shoulder_L_abd_raw,shoulder_L_abd_smoothed,shoulder_R_abd_raw,shoulder_R_abd_smoothed
17.344000000040978,5.969363015878505,5.969363015878505,23.48610406904832,23.48610406904832
t,shoulder_L_abd_raw,shoulder_L_abd_smoothed,shoulder_R_abd_raw,shoulder_R_abd_smoothed
17.344000000040978,5.969363015878505,5.969363015878505,23.48610406904832,23.48610406904832
t,shoulder_L_abd_raw,shoulder_L_abd_smoothed,shoulder_R_abd_raw,shoulder_R_abd_smoothed
17.344000000040978,5.969363015878505,5.969363015878505,23.48610406904832,23.48610406904832
t,shoulder_L_abd_raw,shoulder_L_abd_smoothed,shoulder_R_abd_raw,shoulder_R_abd_smoothed
17.344000000040978,5.969363015878505,5.969363015878505,23.48610406904832,23.48610406904832
t,shoulder_L_abd_raw,shoulder_L_abd_smoothed,shoulder_R_abd_raw,shoulder_R_abd_smoothed
17.375,5.969363015878505,5.969363015878505,23.48610406904832,23.48610406904832
t,shoulder_L_abd_raw,shoulder_L_abd_smoothed,shoulder_R_abd_raw,shoulder_R_abd_smoothed
17.375,5.969363015878505,5.969363015878505,23.48610406904832,23.48610406904832
t,shoulder_L_abd_raw,shoulder_L_abd_smoothed,shoulder_R_abd_raw,shoulder_R_abd_smoothed
17.375,5.969363015878505,5.969363015878505,23.48610406904832,23.48610406904832
t,shoulder_L_abd_raw,shoulder_L_abd_smoothed,shoulder_R_abd_raw,shoulder_R_abd_smoothed
17.375,5.969363015878505,5.969363015878505,23.48610406904832,23.48610406904832
t,shoulder_L_abd_raw,shoulder_L_abd_smoothed,shoulder_R_abd_raw,shoulder_R_abd_smoothed
17.40700000000652,5.573763136860895,5.573763136860895,23.182925781731633,23.182925781731633
t,shoulder_L_abd_raw,shoulder_L_abd_smoothed,shoulder_R_abd_raw,shoulder_R_abd_smoothed
17.40700000000652,5.573763136860895,5.573763136860895,23.182925781731633,23.182925781731633
t,shoulder_L_abd_raw,shoulder_L_abd_smoothed,shoulder_R_abd_raw,shoulder_R_abd_smoothed
17.40700000000652,5.573763136860895,5.573763136860895,23.182925781731633,23.182925781731633
t,shoulder_L_abd_raw,shoulder_L_abd_smoothed,shoulder_R_abd_raw,shoulder_R_abd_smoothed
17.40700000000652,5.573763136860895,5.573763136860895,23.182925781731633,23.182925781731633
t,shoulder_L_abd_raw,shoulder_L_abd_smoothed,shoulder_R_abd_raw,shoulder_R_abd_smoothed
17.43800000002375,5.573763136860895,5.573763136860895,23.182925781731633,23.182925781731633
t,shoulder_L_abd_raw,shoulder_L_abd_smoothed,shoulder_R_abd_raw,shoulder_R_abd_smoothed
17.43800000002375,5.573763136860895,5.573763136860895,23.182925781731633,23.182925781731633
t,shoulder_L_abd_raw,shoulder_L_abd_smoothed,shoulder_R_abd_raw,shoulder_R_abd_smoothed
17.43800000002375,5.573763136860895,5.573763136860895,23.182925781731633,23.182925781731633
t,shoulder_L_abd_raw,shoulder_L_abd_smoothed,shoulder_R_abd_raw,shoulder_R_abd_smoothed
17.43800000002375,5.573763136860895,5.573763136860895,23.182925781731633,23.182925781731633
t,shoulder_L_abd_raw,shoulder_L_abd_smoothed,shoulder_R_abd_raw,shoulder_R_abd_smoothed
17.469000000040978,5.573763136860895,5.573763136860895,23.182925781731633,23.182925781731633
t,shoulder_L_abd_raw,shoulder_L_abd_smoothed,shoulder_R_abd_raw,shoulder_R_abd_smoothed
17.469000000040978,5.573763136860895,5.573763136860895,23.182925781731633,23.182925781731633
t,shoulder_L_abd_raw,shoulder_L_abd_smoothed,shoulder_R_abd_raw,shoulder_R_abd_smoothed
17.469000000040978,5.573763136860895,5.573763136860895,23.182925781731633,23.182925781731633
t,shoulder_L_abd_raw,shoulder_L_abd_smoothed,shoulder_R_abd_raw,shoulder_R_abd_smoothed
17.469000000040978,5.573763136860895,5.573763136860895,23.182925781731633,23.182925781731633
t,shoulder_L_abd_raw,shoulder_L_abd_smoothed,shoulder_R_abd_raw,shoulder_R_abd_smoothed
17.51600000000326,5.843349870518401,5.843349870518401,23.251553672924768,23.251553672924768
t,shoulder_L_abd_raw,shoulder_L_abd_smoothed,shoulder_R_abd_raw,shoulder_R_abd_smoothed
17.51600000000326,5.843349870518401,5.843349870518401,23.251553672924768,23.251553672924768
t,shoulder_L_abd_raw,shoulder_L_abd_smoothed,shoulder_R_abd_raw,shoulder_R_abd_smoothed
17.51600000000326,5.843349870518401,5.843349870518401,23.251553672924768,23.251553672924768
t,shoulder_L_abd_raw,shoulder_L_abd_smoothed,shoulder_R_abd_raw,shoulder_R_abd_smoothed
17.51600000000326,5.843349870518401,5.843349870518401,23.251553672924768,23.251553672924768
t,shoulder_L_abd_raw,shoulder_L_abd_smoothed,shoulder_R_abd_raw,shoulder_R_abd_smoothed
17.53200000000652,5.843349870518401,5.843349870518401,23.251553672924768,23.251553672924768
t,shoulder_L_abd_raw,shoulder_L_abd_smoothed,shoulder_R_abd_raw,shoulder_R_abd_smoothed
17.53200000000652,5.843349870518401,5.843349870518401,23.251553672924768,23.251553672924768
t,shoulder_L_abd_raw,shoulder_L_abd_smoothed,shoulder_R_abd_raw,shoulder_R_abd_smoothed
17.53200000000652,5.843349870518401,5.843349870518401,23.251553672924768,23.251553672924768
t,shoulder_L_abd_raw,shoulder_L_abd_smoothed,shoulder_R_abd_raw,shoulder_R_abd_smoothed
17.53200000000652,5.843349870518401,5.843349870518401,23.251553672924768,23.251553672924768
t,shoulder_L_abd_raw,shoulder_L_abd_smoothed,shoulder_R_abd_raw,shoulder_R_abd_smoothed
17.56300000002375,5.843349870518401,5.843349870518401,23.251553672924768,23.251553672924768
t,shoulder_L_abd_raw,shoulder_L_abd_smoothed,shoulder_R_abd_raw,shoulder_R_abd_smoothed
17.56300000002375,5.843349870518401,5.843349870518401,23.251553672924768,23.251553672924768
t,shoulder_L_abd_raw,shoulder_L_abd_smoothed,shoulder_R_abd_raw,shoulder_R_abd_smoothed
17.56300000002375,5.843349870518401,5.843349870518401,23.251553672924768,23.251553672924768
t,shoulder_L_abd_raw,shoulder_L_abd_smoothed,shoulder_R_abd_raw,shoulder_R_abd_smoothed
17.56300000002375,5.843349870518401,5.843349870518401,23.251553672924768,23.251553672924768
t,shoulder_L_abd_raw,shoulder_L_abd_smoothed,shoulder_R_abd_raw,shoulder_R_abd_smoothed
17.610000000044238,6.051681880956905,6.051681880956905,23.053717412785595,23.053717412785595
t,shoulder_L_abd_raw,shoulder_L_abd_smoothed,shoulder_R_abd_raw,shoulder_R_abd_smoothed
17.610000000044238,6.051681880956905,6.051681880956905,23.053717412785595,23.053717412785595
t,shoulder_L_abd_raw,shoulder_L_abd_smoothed,shoulder_R_abd_raw,shoulder_R_abd_smoothed
17.610000000044238,6.051681880956905,6.051681880956905,23.053717412785595,23.053717412785595
t,shoulder_L_abd_raw,shoulder_L_abd_smoothed,shoulder_R_abd_raw,shoulder_R_abd_smoothed
17.610000000044238,6.051681880956905,6.051681880956905,23.053717412785595,23.053717412785595
t,shoulder_L_abd_raw,shoulder_L_abd_smoothed,shoulder_R_abd_raw,shoulder_R_abd_smoothed
17.625,6.051681880956905,6.051681880956905,23.053717412785595,23.053717412785595
t,shoulder_L_abd_raw,shoulder_L_abd_smoothed,shoulder_R_abd_raw,shoulder_R_abd_smoothed
17.625,6.051681880956905,6.051681880956905,23.053717412785595,23.053717412785595
t,shoulder_L_abd_raw,shoulder_L_abd_smoothed,shoulder_R_abd_raw,shoulder_R_abd_smoothed
17.625,6.051681880956905,6.051681880956905,23.053717412785595,23.053717412785595
t,shoulder_L_abd_raw,shoulder_L_abd_smoothed,shoulder_R_abd_raw,shoulder_R_abd_smoothed
17.625,6.051681880956905,6.051681880956905,23.053717412785595,23.053717412785595
t,shoulder_L_abd_raw,shoulder_L_abd_smoothed,shoulder_R_abd_raw,shoulder_R_abd_smoothed
17.65700000000652,6.051681880956905,6.051681880956905,23.053717412785595,23.053717412785595
t,shoulder_L_abd_raw,shoulder_L_abd_smoothed,shoulder_R_abd_raw,shoulder_R_abd_smoothed
17.65700000000652,6.051681880956905,6.051681880956905,23.053717412785595,23.053717412785595
t,shoulder_L_abd_raw,shoulder_L_abd_smoothed,shoulder_R_abd_raw,shoulder_R_abd_smoothed
17.65700000000652,6.051681880956905,6.051681880956905,23.053717412785595,23.053717412785595
t,shoulder_L_abd_raw,shoulder_L_abd_smoothed,shoulder_R_abd_raw,shoulder_R_abd_smoothed
17.65700000000652,6.051681880956905,6.051681880956905,23.053717412785595,23.053717412785595
t,shoulder_L_abd_raw,shoulder_L_abd_smoothed,shoulder_R_abd_raw,shoulder_R_abd_smoothed
17.719000000040978,6.767179178367246,6.767179178367246,23.77101527469163,23.77101527469163
t,shoulder_L_abd_raw,shoulder_L_abd_smoothed,shoulder_R_abd_raw,shoulder_R_abd_smoothed
17.719000000040978,6.767179178367246,6.767179178367246,23.77101527469163,23.77101527469163
t,shoulder_L_abd_raw,shoulder_L_abd_smoothed,shoulder_R_abd_raw,shoulder_R_abd_smoothed
17.719000000040978,6.767179178367246,6.767179178367246,23.77101527469163,23.77101527469163
t,shoulder_L_abd_raw,shoulder_L_abd_smoothed,shoulder_R_abd_raw,shoulder_R_abd_smoothed
17.719000000040978,6.767179178367246,6.767179178367246,23.77101527469163,23.77101527469163
t,shoulder_L_abd_raw,shoulder_L_abd_smoothed,shoulder_R_abd_raw,shoulder_R_abd_smoothed
17.75,6.767179178367246,6.767179178367246,23.77101527469163,23.77101527469163
t,shoulder_L_abd_raw,shoulder_L_abd_smoothed,shoulder_R_abd_raw,shoulder_R_abd_smoothed
17.75,6.767179178367246,6.767179178367246,23.77101527469163,23.77101527469163
t,shoulder_L_abd_raw,shoulder_L_abd_smoothed,shoulder_R_abd_raw,shoulder_R_abd_smoothed
17.75,6.767179178367246,6.767179178367246,23.77101527469163,23.77101527469163
t,shoulder_L_abd_raw,shoulder_L_abd_smoothed,shoulder_R_abd_raw,shoulder_R_abd_smoothed
17.75,6.767179178367246,6.767179178367246,23.77101527469163,23.77101527469163
t,shoulder_L_abd_raw,shoulder_L_abd_smoothed,shoulder_R_abd_raw,shoulder_R_abd_smoothed
17.76600000000326,6.767179178367246,6.767179178367246,23.77101527469163,23.77101527469163
t,shoulder_L_abd_raw,shoulder_L_abd_smoothed,shoulder_R_abd_raw,shoulder_R_abd_smoothed
17.76600000000326,6.767179178367246,6.767179178367246,23.77101527469163,23.77101527469163
t,shoulder_L_abd_raw,shoulder_L_abd_smoothed,shoulder_R_abd_raw,shoulder_R_abd_smoothed
17.76600000000326,6.767179178367246,6.767179178367246,23.77101527469163,23.77101527469163
t,shoulder_L_abd_raw,shoulder_L_abd_smoothed,shoulder_R_abd_raw,shoulder_R_abd_smoothed
17.76600000000326,6.767179178367246,6.767179178367246,23.77101527469163,23.77101527469163
t,shoulder_L_abd_raw,shoulder_L_abd_smoothed,shoulder_R_abd_raw,shoulder_R_abd_smoothed
17.81300000002375,7.200589645079561,7.200589645079561,23.383093577653433,23.383093577653433
t,shoulder_L_abd_raw,shoulder_L_abd_smoothed,shoulder_R_abd_raw,shoulder_R_abd_smoothed
17.81300000002375,7.200589645079561,7.200589645079561,23.383093577653433,23.383093577653433
t,shoulder_L_abd_raw,shoulder_L_abd_smoothed,shoulder_R_abd_raw,shoulder_R_abd_smoothed
17.81300000002375,7.200589645079561,7.200589645079561,23.383093577653433,23.383093577653433
t,shoulder_L_abd_raw,shoulder_L_abd_smoothed,shoulder_R_abd_raw,shoulder_R_abd_smoothed
17.81300000002375,7.200589645079561,7.200589645079561,23.383093577653433,23.383093577653433
t,shoulder_L_abd_raw,shoulder_L_abd_smoothed,shoulder_R_abd_raw,shoulder_R_abd_smoothed
17.844000000040978,7.200589645079561,7.200589645079561,23.383093577653433,23.383093577653433
t,shoulder_L_abd_raw,shoulder_L_abd_smoothed,shoulder_R_abd_raw,shoulder_R_abd_smoothed
17.844000000040978,7.200589645079561,7.200589645079561,23.383093577653433,23.383093577653433
t,shoulder_L_abd_raw,shoulder_L_abd_smoothed,shoulder_R_abd_raw,shoulder_R_abd_smoothed
17.844000000040978,7.200589645079561,7.200589645079561,23.383093577653433,23.383093577653433
t,shoulder_L_abd_raw,shoulder_L_abd_smoothed,shoulder_R_abd_raw,shoulder_R_abd_smoothed
17.844000000040978,7.200589645079561,7.200589645079561,23.383093577653433,23.383093577653433
t,shoulder_L_abd_raw,shoulder_L_abd_smoothed,shoulder_R_abd_raw,shoulder_R_abd_smoothed
17.860000000044238,7.200589645079561,7.200589645079561,23.383093577653433,23.383093577653433
t,shoulder_L_abd_raw,shoulder_L_abd_smoothed,shoulder_R_abd_raw,shoulder_R_abd_smoothed
17.860000000044238,7.200589645079561,7.200589645079561,23.383093577653433,23.383093577653433
t,shoulder_L_abd_raw,shoulder_L_abd_smoothed,shoulder_R_abd_raw,shoulder_R_abd_smoothed
17.860000000044238,7.200589645079561,7.200589645079561,23.383093577653433,23.383093577653433
t,shoulder_L_abd_raw,shoulder_L_abd_smoothed,shoulder_R_abd_raw,shoulder_R_abd_smoothed
17.860000000044238,7.200589645079561,7.200589645079561,23.383093577653433,23.383093577653433
t,shoulder_L_abd_raw,shoulder_L_abd_smoothed,shoulder_R_abd_raw,shoulder_R_abd_smoothed
17.90700000000652,7.717292273814349,7.717292273814349,22.456495203610327,22.456495203610327
t,shoulder_L_abd_raw,shoulder_L_abd_smoothed,shoulder_R_abd_raw,shoulder_R_abd_smoothed
17.90700000000652,7.717292273814349,7.717292273814349,22.456495203610327,22.456495203610327
t,shoulder_L_abd_raw,shoulder_L_abd_smoothed,shoulder_R_abd_raw,shoulder_R_abd_smoothed
17.90700000000652,7.717292273814349,7.717292273814349,22.456495203610327,22.456495203610327
t,shoulder_L_abd_raw,shoulder_L_abd_smoothed,shoulder_R_abd_raw,shoulder_R_abd_smoothed
17.90700000000652,7.717292273814349,7.717292273814349,22.456495203610327,22.456495203610327
t,shoulder_L_abd_raw,shoulder_L_abd_smoothed,shoulder_R_abd_raw,shoulder_R_abd_smoothed
17.93800000002375,7.717292273814349,7.717292273814349,22.456495203610327,22.456495203610327
t,shoulder_L_abd_raw,shoulder_L_abd_smoothed,shoulder_R_abd_raw,shoulder_R_abd_smoothed
17.93800000002375,7.717292273814349,7.717292273814349,22.456495203610327,22.456495203610327
t,shoulder_L_abd_raw,shoulder_L_abd_smoothed,shoulder_R_abd_raw,shoulder_R_abd_smoothed
17.93800000002375,7.717292273814349,7.717292273814349,22.456495203610327,22.456495203610327
t,shoulder_L_abd_raw,shoulder_L_abd_smoothed,shoulder_R_abd_raw,shoulder_R_abd_smoothed
17.93800000002375,7.717292273814349,7.717292273814349,22.456495203610327,22.456495203610327
t,shoulder_L_abd_raw,shoulder_L_abd_smoothed,shoulder_R_abd_raw,shoulder_R_abd_smoothed
17.969000000040978,7.717292273814349,7.717292273814349,22.456495203610327,22.456495203610327
t,shoulder_L_abd_raw,shoulder_L_abd_smoothed,shoulder_R_abd_raw,shoulder_R_abd_smoothed
17.969000000040978,7.717292273814349,7.717292273814349,22.456495203610327,22.456495203610327
t,shoulder_L_abd_raw,shoulder_L_abd_smoothed,shoulder_R_abd_raw,shoulder_R_abd_smoothed
17.969000000040978,7.717292273814349,7.717292273814349,22.456495203610327,22.456495203610327
t,shoulder_L_abd_raw,shoulder_L_abd_smoothed,shoulder_R_abd_raw,shoulder_R_abd_smoothed
17.969000000040978,7.717292273814349,7.717292273814349,22.456495203610327,22.456495203610327
t,shoulder_L_abd_raw,shoulder_L_abd_smoothed,shoulder_R_abd_raw,shoulder_R_abd_smoothed
18.0,7.95485238960525,7.95485238960525,23.693780840697745,23.693780840697745
t,shoulder_L_abd_raw,shoulder_L_abd_smoothed,shoulder_R_abd_raw,shoulder_R_abd_smoothed
18.0,7.95485238960525,7.95485238960525,23.693780840697745,23.693780840697745
t,shoulder_L_abd_raw,shoulder_L_abd_smoothed,shoulder_R_abd_raw,shoulder_R_abd_smoothed
18.0,7.95485238960525,7.95485238960525,23.693780840697745,23.693780840697745
t,shoulder_L_abd_raw,shoulder_L_abd_smoothed,shoulder_R_abd_raw,shoulder_R_abd_smoothed
18.0,7.95485238960525,7.95485238960525,23.693780840697745,23.693780840697745
t,shoulder_L_abd_raw,shoulder_L_abd_smoothed,shoulder_R_abd_raw,shoulder_R_abd_smoothed
18.03200000000652,7.95485238960525,7.95485238960525,23.693780840697745,23.693780840697745
t,shoulder_L_abd_raw,shoulder_L_abd_smoothed,shoulder_R_abd_raw,shoulder_R_abd_smoothed
18.03200000000652,7.95485238960525,7.95485238960525,23.693780840697745,23.693780840697745
t,shoulder_L_abd_raw,shoulder_L_abd_smoothed,shoulder_R_abd_raw,shoulder_R_abd_smoothed
18.03200000000652,7.95485238960525,7.95485238960525,23.693780840697745,23.693780840697745
t,shoulder_L_abd_raw,shoulder_L_abd_smoothed,shoulder_R_abd_raw,shoulder_R_abd_smoothed
18.03200000000652,7.95485238960525,7.95485238960525,23.693780840697745,23.693780840697745
t,shoulder_L_abd_raw,shoulder_L_abd_smoothed,shoulder_R_abd_raw,shoulder_R_abd_smoothed
18.06300000002375,7.95485238960525,7.95485238960525,23.693780840697745,23.693780840697745
t,shoulder_L_abd_raw,shoulder_L_abd_smoothed,shoulder_R_abd_raw,shoulder_R_abd_smoothed
18.06300000002375,7.95485238960525,7.95485238960525,23.693780840697745,23.693780840697745
t,shoulder_L_abd_raw,shoulder_L_abd_smoothed,shoulder_R_abd_raw,shoulder_R_abd_smoothed
18.06300000002375,7.95485238960525,7.95485238960525,23.693780840697745,23.693780840697745
t,shoulder_L_abd_raw,shoulder_L_abd_smoothed,shoulder_R_abd_raw,shoulder_R_abd_smoothed
18.06300000002375,7.95485238960525,7.95485238960525,23.693780840697745,23.693780840697745
t,shoulder_L_abd_raw,shoulder_L_abd_smoothed,shoulder_R_abd_raw,shoulder_R_abd_smoothed
18.125,7.507102587607547,7.507102587607547,21.874626002315793,21.874626002315793
t,shoulder_L_abd_raw,shoulder_L_abd_smoothed,shoulder_R_abd_raw,shoulder_R_abd_smoothed
18.125,7.507102587607547,7.507102587607547,21.874626002315793,21.874626002315793
t,shoulder_L_abd_raw,shoulder_L_abd_smoothed,shoulder_R_abd_raw,shoulder_R_abd_smoothed
18.125,7.507102587607547,7.507102587607547,21.874626002315793,21.874626002315793
t,shoulder_L_abd_raw,shoulder_L_abd_smoothed,shoulder_R_abd_raw,shoulder_R_abd_smoothed
18.125,7.507102587607547,7.507102587607547,21.874626002315793,21.874626002315793
t,shoulder_L_abd_raw,shoulder_L_abd_smoothed,shoulder_R_abd_raw,shoulder_R_abd_smoothed
18.14100000000326,7.507102587607547,7.507102587607547,21.874626002315793,21.874626002315793
t,shoulder_L_abd_raw,shoulder_L_abd_smoothed,shoulder_R_abd_raw,shoulder_R_abd_smoothed
18.14100000000326,7.507102587607547,7.507102587607547,21.874626002315793,21.874626002315793
t,shoulder_L_abd_raw,shoulder_L_abd_smoothed,shoulder_R_abd_raw,shoulder_R_abd_smoothed
18.14100000000326,7.507102587607547,7.507102587607547,21.874626002315793,21.874626002315793
t,shoulder_L_abd_raw,shoulder_L_abd_smoothed,shoulder_R_abd_raw,shoulder_R_abd_smoothed
18.14100000000326,7.507102587607547,7.507102587607547,21.874626002315793,21.874626002315793
t,shoulder_L_abd_raw,shoulder_L_abd_smoothed,shoulder_R_abd_raw,shoulder_R_abd_smoothed
18.17200000002049,7.507102587607547,7.507102587607547,21.874626002315793,21.874626002315793
t,shoulder_L_abd_raw,shoulder_L_abd_smoothed,shoulder_R_abd_raw,shoulder_R_abd_smoothed
18.17200000002049,7.507102587607547,7.507102587607547,21.874626002315793,21.874626002315793
t,shoulder_L_abd_raw,shoulder_L_abd_smoothed,shoulder_R_abd_raw,shoulder_R_abd_smoothed
18.17200000002049,7.507102587607547,7.507102587607547,21.874626002315793,21.874626002315793
t,shoulder_L_abd_raw,shoulder_L_abd_smoothed,shoulder_R_abd_raw,shoulder_R_abd_smoothed
18.17200000002049,7.507102587607547,7.507102587607547,21.874626002315793,21.874626002315793
t,shoulder_L_abd_raw,shoulder_L_abd_smoothed,shoulder_R_abd_raw,shoulder_R_abd_smoothed
18.219000000040978,7.75294188881564,7.75294188881564,21.57424107734247,21.57424107734247
t,shoulder_L_abd_raw,shoulder_L_abd_smoothed,shoulder_R_abd_raw,shoulder_R_abd_smoothed
18.219000000040978,7.75294188881564,7.75294188881564,21.57424107734247,21.57424107734247
t,shoulder_L_abd_raw,shoulder_L_abd_smoothed,shoulder_R_abd_raw,shoulder_R_abd_smoothed
18.219000000040978,7.75294188881564,7.75294188881564,21.57424107734247,21.57424107734247
t,shoulder_L_abd_raw,shoulder_L_abd_smoothed,shoulder_R_abd_raw,shoulder_R_abd_smoothed
18.219000000040978,7.75294188881564,7.75294188881564,21.57424107734247,21.57424107734247
t,shoulder_L_abd_raw,shoulder_L_abd_smoothed,shoulder_R_abd_raw,shoulder_R_abd_smoothed
18.235000000044238,7.75294188881564,7.75294188881564,21.57424107734247,21.57424107734247
t,shoulder_L_abd_raw,shoulder_L_abd_smoothed,shoulder_R_abd_raw,shoulder_R_abd_smoothed
18.235000000044238,7.75294188881564,7.75294188881564,21.57424107734247,21.57424107734247
t,shoulder_L_abd_raw,shoulder_L_abd_smoothed,shoulder_R_abd_raw,shoulder_R_abd_smoothed
18.235000000044238,7.75294188881564,7.75294188881564,21.57424107734247,21.57424107734247
t,shoulder_L_abd_raw,shoulder_L_abd_smoothed,shoulder_R_abd_raw,shoulder_R_abd_smoothed
18.235000000044238,7.75294188881564,7.75294188881564,21.57424107734247,21.57424107734247
t,shoulder_L_abd_raw,shoulder_L_abd_smoothed,shoulder_R_abd_raw,shoulder_R_abd_smoothed
18.26600000000326,7.75294188881564,7.75294188881564,21.57424107734247,21.57424107734247
t,shoulder_L_abd_raw,shoulder_L_abd_smoothed,shoulder_R_abd_raw,shoulder_R_abd_smoothed
18.26600000000326,7.75294188881564,7.75294188881564,21.57424107734247,21.57424107734247
t,shoulder_L_abd_raw,shoulder_L_abd_smoothed,shoulder_R_abd_raw,shoulder_R_abd_smoothed
18.26600000000326,7.75294188881564,7.75294188881564,21.57424107734247,21.57424107734247
t,shoulder_L_abd_raw,shoulder_L_abd_smoothed,shoulder_R_abd_raw,shoulder_R_abd_smoothed
18.26600000000326,7.75294188881564,7.75294188881564,21.57424107734247,21.57424107734247
t,shoulder_L_abd_raw,shoulder_L_abd_smoothed,shoulder_R_abd_raw,shoulder_R_abd_smoothed
18.31300000002375,8.456539876298281,8.456539876298281,20.800464454593165,20.800464454593165
t,shoulder_L_abd_raw,shoulder_L_abd_smoothed,shoulder_R_abd_raw,shoulder_R_abd_smoothed
18.31300000002375,8.456539876298281,8.456539876298281,20.800464454593165,20.800464454593165
t,shoulder_L_abd_raw,shoulder_L_abd_smoothed,shoulder_R_abd_raw,shoulder_R_abd_smoothed
18.31300000002375,8.456539876298281,8.456539876298281,20.800464454593165,20.800464454593165
t,shoulder_L_abd_raw,shoulder_L_abd_smoothed,shoulder_R_abd_raw,shoulder_R_abd_smoothed
18.31300000002375,8.456539876298281,8.456539876298281,20.800464454593165,20.800464454593165
t,shoulder_L_abd_raw,shoulder_L_abd_smoothed,shoulder_R_abd_raw,shoulder_R_abd_smoothed
18.344000000040978,8.456539876298281,8.456539876298281,20.800464454593165,20.800464454593165
t,shoulder_L_abd_raw,shoulder_L_abd_smoothed,shoulder_R_abd_raw,shoulder_R_abd_smoothed
18.344000000040978,8.456539876298281,8.456539876298281,20.800464454593165,20.800464454593165
t,shoulder_L_abd_raw,shoulder_L_abd_smoothed,shoulder_R_abd_raw,shoulder_R_abd_smoothed
18.344000000040978,8.456539876298281,8.456539876298281,20.800464454593165,20.800464454593165
t,shoulder_L_abd_raw,shoulder_L_abd_smoothed,shoulder_R_abd_raw,shoulder_R_abd_smoothed
18.344000000040978,8.456539876298281,8.456539876298281,20.800464454593165,20.800464454593165
t,shoulder_L_abd_raw,shoulder_L_abd_smoothed,shoulder_R_abd_raw,shoulder_R_abd_smoothed
18.360000000044238,8.456539876298281,8.456539876298281,20.800464454593165,20.800464454593165
t,shoulder_L_abd_raw,shoulder_L_abd_smoothed,shoulder_R_abd_raw,shoulder_R_abd_smoothed
18.360000000044238,8.456539876298281,8.456539876298281,20.800464454593165,20.800464454593165
t,shoulder_L_abd_raw,shoulder_L_abd_smoothed,shoulder_R_abd_raw,shoulder_R_abd_smoothed
18.360000000044238,8.456539876298281,8.456539876298281,20.800464454593165,20.800464454593165
t,shoulder_L_abd_raw,shoulder_L_abd_smoothed,shoulder_R_abd_raw,shoulder_R_abd_smoothed
18.360000000044238,8.456539876298281,8.456539876298281,20.800464454593165,20.800464454593165
t,shoulder_L_abd_raw,shoulder_L_abd_smoothed,shoulder_R_abd_raw,shoulder_R_abd_smoothed
18.40700000000652,9.688561920928596,9.688561920928596,24.348897365799775,24.348897365799775
t,shoulder_L_abd_raw,shoulder_L_abd_smoothed,shoulder_R_abd_raw,shoulder_R_abd_smoothed
18.40700000000652,9.688561920928596,9.688561920928596,24.348897365799775,24.348897365799775
t,shoulder_L_abd_raw,shoulder_L_abd_smoothed,shoulder_R_abd_raw,shoulder_R_abd_smoothed
18.40700000000652,9.688561920928596,9.688561920928596,24.348897365799775,24.348897365799775
t,shoulder_L_abd_raw,shoulder_L_abd_smoothed,shoulder_R_abd_raw,shoulder_R_abd_smoothed
18.40700000000652,9.688561920928596,9.688561920928596,24.348897365799775,24.348897365799775
t,shoulder_L_abd_raw,shoulder_L_abd_smoothed,shoulder_R_abd_raw,shoulder_R_abd_smoothed
18.43800000002375,9.688561920928596,9.688561920928596,24.348897365799775,24.348897365799775
t,shoulder_L_abd_raw,shoulder_L_abd_smoothed,shoulder_R_abd_raw,shoulder_R_abd_smoothed
18.43800000002375,9.688561920928596,9.688561920928596,24.348897365799775,24.348897365799775
t,shoulder_L_abd_raw,shoulder_L_abd_smoothed,shoulder_R_abd_raw,shoulder_R_abd_smoothed
18.43800000002375,9.688561920928596,9.688561920928596,24.348897365799775,24.348897365799775
t,shoulder_L_abd_raw,shoulder_L_abd_smoothed,shoulder_R_abd_raw,shoulder_R_abd_smoothed
18.43800000002375,9.688561920928596,9.688561920928596,24.348897365799775,24.348897365799775
t,shoulder_L_abd_raw,shoulder_L_abd_smoothed,shoulder_R_abd_raw,shoulder_R_abd_smoothed
18.45400000002701,9.688561920928596,9.688561920928596,24.348897365799775,24.348897365799775
t,shoulder_L_abd_raw,shoulder_L_abd_smoothed,shoulder_R_abd_raw,shoulder_R_abd_smoothed
18.45400000002701,9.688561920928596,9.688561920928596,24.348897365799775,24.348897365799775
t,shoulder_L_abd_raw,shoulder_L_abd_smoothed,shoulder_R_abd_raw,shoulder_R_abd_smoothed
18.45400000002701,9.688561920928596,9.688561920928596,24.348897365799775,24.348897365799775
t,shoulder_L_abd_raw,shoulder_L_abd_smoothed,shoulder_R_abd_raw,shoulder_R_abd_smoothed
18.45400000002701,9.688561920928596,9.688561920928596,24.348897365799775,24.348897365799775
t,shoulder_L_abd_raw,shoulder_L_abd_smoothed,shoulder_R_abd_raw,shoulder_R_abd_smoothed
18.51600000000326,10.798184228666088,10.798184228666088,9.967978808292218,9.967978808292218
t,shoulder_L_abd_raw,shoulder_L_abd_smoothed,shoulder_R_abd_raw,shoulder_R_abd_smoothed
18.51600000000326,10.798184228666088,10.798184228666088,9.967978808292218,9.967978808292218
t,shoulder_L_abd_raw,shoulder_L_abd_smoothed,shoulder_R_abd_raw,shoulder_R_abd_smoothed
18.51600000000326,10.798184228666088,10.798184228666088,9.967978808292218,9.967978808292218
t,shoulder_L_abd_raw,shoulder_L_abd_smoothed,shoulder_R_abd_raw,shoulder_R_abd_smoothed
18.51600000000326,10.798184228666088,10.798184228666088,9.967978808292218,9.967978808292218
t,shoulder_L_abd_raw,shoulder_L_abd_smoothed,shoulder_R_abd_raw,shoulder_R_abd_smoothed
18.54700000002049,10.798184228666088,10.798184228666088,9.967978808292218,9.967978808292218
t,shoulder_L_abd_raw,shoulder_L_abd_smoothed,shoulder_R_abd_raw,shoulder_R_abd_smoothed
18.54700000002049,10.798184228666088,10.798184228666088,9.967978808292218,9.967978808292218
t,shoulder_L_abd_raw,shoulder_L_abd_smoothed,shoulder_R_abd_raw,shoulder_R_abd_smoothed
18.54700000002049,10.798184228666088,10.798184228666088,9.967978808292218,9.967978808292218
t,shoulder_L_abd_raw,shoulder_L_abd_smoothed,shoulder_R_abd_raw,shoulder_R_abd_smoothed
18.54700000002049,10.798184228666088,10.798184228666088,9.967978808292218,9.967978808292218
t,shoulder_L_abd_raw,shoulder_L_abd_smoothed,shoulder_R_abd_raw,shoulder_R_abd_smoothed
18.57900000002701,10.798184228666088,10.798184228666088,9.967978808292218,9.967978808292218
t,shoulder_L_abd_raw,shoulder_L_abd_smoothed,shoulder_R_abd_raw,shoulder_R_abd_smoothed
18.57900000002701,10.798184228666088,10.798184228666088,9.967978808292218,9.967978808292218
t,shoulder_L_abd_raw,shoulder_L_abd_smoothed,shoulder_R_abd_raw,shoulder_R_abd_smoothed
18.57900000002701,10.798184228666088,10.798184228666088,9.967978808292218,9.967978808292218
t,shoulder_L_abd_raw,shoulder_L_abd_smoothed,shoulder_R_abd_raw,shoulder_R_abd_smoothed
18.57900000002701,10.798184228666088,10.798184228666088,9.967978808292218,9.967978808292218
t,elbow_right_raw,elbow_right_smoothed
18.610000000044238,71.336331188822,149.1106236374426
t,elbow_right_raw,elbow_right_smoothed
18.610000000044238,71.336331188822,149.1106236374426
t,elbow_right_raw,elbow_right_smoothed
18.64100000000326,71.336331188822,133.55576514771846
t,elbow_right_raw,elbow_right_smoothed
18.64100000000326,71.336331188822,133.55576514771846
t,elbow_right_raw,elbow_right_smoothed
18.67200000002049,71.336331188822,121.11187835593918
t,elbow_right_raw,elbow_right_smoothed
18.67200000002049,71.336331188822,121.11187835593918
t,shoulder_L_abd_raw,shoulder_L_abd_smoothed,shoulder_R_abd_raw,shoulder_R_abd_smoothed
18.719000000040978,11.02864088734442,11.02864088734442,8.684350051808527,8.684350051808527
t,shoulder_L_abd_raw,shoulder_L_abd_smoothed,shoulder_R_abd_raw,shoulder_R_abd_smoothed
18.719000000040978,11.02864088734442,11.02864088734442,8.684350051808527,8.684350051808527
t,shoulder_L_abd_raw,shoulder_L_abd_smoothed,shoulder_R_abd_raw,shoulder_R_abd_smoothed
18.719000000040978,11.02864088734442,11.02864088734442,8.684350051808527,8.684350051808527
t,shoulder_L_abd_raw,shoulder_L_abd_smoothed,shoulder_R_abd_raw,shoulder_R_abd_smoothed
18.719000000040978,11.02864088734442,11.02864088734442,8.684350051808527,8.684350051808527
t,shoulder_L_abd_raw,shoulder_L_abd_smoothed,shoulder_R_abd_raw,shoulder_R_abd_smoothed
18.735000000044238,11.02864088734442,11.02864088734442,8.684350051808527,8.684350051808527
t,shoulder_L_abd_raw,shoulder_L_abd_smoothed,shoulder_R_abd_raw,shoulder_R_abd_smoothed
18.735000000044238,11.02864088734442,11.02864088734442,8.684350051808527,8.684350051808527
t,shoulder_L_abd_raw,shoulder_L_abd_smoothed,shoulder_R_abd_raw,shoulder_R_abd_smoothed
18.735000000044238,11.02864088734442,11.02864088734442,8.684350051808527,8.684350051808527
t,shoulder_L_abd_raw,shoulder_L_abd_smoothed,shoulder_R_abd_raw,shoulder_R_abd_smoothed
18.735000000044238,11.02864088734442,11.02864088734442,8.684350051808527,8.684350051808527
t,shoulder_L_abd_raw,shoulder_L_abd_smoothed,shoulder_R_abd_raw,shoulder_R_abd_smoothed
18.76600000000326,11.02864088734442,11.02864088734442,8.684350051808527,8.684350051808527
t,shoulder_L_abd_raw,shoulder_L_abd_smoothed,shoulder_R_abd_raw,shoulder_R_abd_smoothed
18.76600000000326,11.02864088734442,11.02864088734442,8.684350051808527,8.684350051808527
t,shoulder_L_abd_raw,shoulder_L_abd_smoothed,shoulder_R_abd_raw,shoulder_R_abd_smoothed
18.76600000000326,11.02864088734442,11.02864088734442,8.684350051808527,8.684350051808527
t,shoulder_L_abd_raw,shoulder_L_abd_smoothed,shoulder_R_abd_raw,shoulder_R_abd_smoothed
18.76600000000326,11.02864088734442,11.02864088734442,8.684350051808527,8.684350051808527
t,shoulder_L_abd_raw,shoulder_L_abd_smoothed,shoulder_R_abd_raw,shoulder_R_abd_smoothed
18.81300000002375,12.390514219010324,12.390514219010324,8.64215642848489,8.64215642848489
t,shoulder_L_abd_raw,shoulder_L_abd_smoothed,shoulder_R_abd_raw,shoulder_R_abd_smoothed
18.81300000002375,12.390514219010324,12.390514219010324,8.64215642848489,8.64215642848489
t,shoulder_L_abd_raw,shoulder_L_abd_smoothed,shoulder_R_abd_raw,shoulder_R_abd_smoothed
18.81300000002375,12.390514219010324,12.390514219010324,8.64215642848489,8.64215642848489
t,shoulder_L_abd_raw,shoulder_L_abd_smoothed,shoulder_R_abd_raw,shoulder_R_abd_smoothed
18.81300000002375,12.390514219010324,12.390514219010324,8.64215642848489,8.64215642848489
t,shoulder_L_abd_raw,shoulder_L_abd_smoothed,shoulder_R_abd_raw,shoulder_R_abd_smoothed
18.82900000002701,12.390514219010324,12.390514219010324,8.64215642848489,8.64215642848489
t,shoulder_L_abd_raw,shoulder_L_abd_smoothed,shoulder_R_abd_raw,shoulder_R_abd_smoothed
18.82900000002701,12.390514219010324,12.390514219010324,8.64215642848489,8.64215642848489
t,shoulder_L_abd_raw,shoulder_L_abd_smoothed,shoulder_R_abd_raw,shoulder_R_abd_smoothed
18.82900000002701,12.390514219010324,12.390514219010324,8.64215642848489,8.64215642848489
t,shoulder_L_abd_raw,shoulder_L_abd_smoothed,shoulder_R_abd_raw,shoulder_R_abd_smoothed
18.82900000002701,12.390514219010324,12.390514219010324,8.64215642848489,8.64215642848489
t,shoulder_L_abd_raw,shoulder_L_abd_smoothed,shoulder_R_abd_raw,shoulder_R_abd_smoothed
18.860000000044238,12.390514219010324,12.390514219010324,8.64215642848489,8.64215642848489
t,shoulder_L_abd_raw,shoulder_L_abd_smoothed,shoulder_R_abd_raw,shoulder_R_abd_smoothed
18.860000000044238,12.390514219010324,12.390514219010324,8.64215642848489,8.64215642848489
t,shoulder_L_abd_raw,shoulder_L_abd_smoothed,shoulder_R_abd_raw,shoulder_R_abd_smoothed
18.860000000044238,12.390514219010324,12.390514219010324,8.64215642848489,8.64215642848489
t,shoulder_L_abd_raw,shoulder_L_abd_smoothed,shoulder_R_abd_raw,shoulder_R_abd_smoothed
18.860000000044238,12.390514219010324,12.390514219010324,8.64215642848489,8.64215642848489
t,shoulder_L_abd_raw,shoulder_L_abd_smoothed,shoulder_R_abd_raw,shoulder_R_abd_smoothed
18.92200000002049,12.945432015236472,12.945432015236472,8.031257465790809,8.031257465790809
t,shoulder_L_abd_raw,shoulder_L_abd_smoothed,shoulder_R_abd_raw,shoulder_R_abd_smoothed
18.92200000002049,12.945432015236472,12.945432015236472,8.031257465790809,8.031257465790809
t,shoulder_L_abd_raw,shoulder_L_abd_smoothed,shoulder_R_abd_raw,shoulder_R_abd_smoothed
18.92200000002049,12.945432015236472,12.945432015236472,8.031257465790809,8.031257465790809
t,shoulder_L_abd_raw,shoulder_L_abd_smoothed,shoulder_R_abd_raw,shoulder_R_abd_smoothed
18.92200000002049,12.945432015236472,12.945432015236472,8.031257465790809,8.031257465790809
t,shoulder_L_abd_raw,shoulder_L_abd_smoothed,shoulder_R_abd_raw,shoulder_R_abd_smoothed
18.93800000002375,12.945432015236472,12.945432015236472,8.031257465790809,8.031257465790809
t,shoulder_L_abd_raw,shoulder_L_abd_smoothed,shoulder_R_abd_raw,shoulder_R_abd_smoothed
18.93800000002375,12.945432015236472,12.945432015236472,8.031257465790809,8.031257465790809
t,shoulder_L_abd_raw,shoulder_L_abd_smoothed,shoulder_R_abd_raw,shoulder_R_abd_smoothed
18.93800000002375,12.945432015236472,12.945432015236472,8.031257465790809,8.031257465790809
t,shoulder_L_abd_raw,shoulder_L_abd_smoothed,shoulder_R_abd_raw,shoulder_R_abd_smoothed
18.93800000002375,12.945432015236472,12.945432015236472,8.031257465790809,8.031257465790809
t,shoulder_L_abd_raw,shoulder_L_abd_smoothed,shoulder_R_abd_raw,shoulder_R_abd_smoothed
18.969000000040978,12.945432015236472,12.945432015236472,8.031257465790809,8.031257465790809
t,shoulder_L_abd_raw,shoulder_L_abd_smoothed,shoulder_R_abd_raw,shoulder_R_abd_smoothed
18.969000000040978,12.945432015236472,12.945432015236472,8.031257465790809,8.031257465790809
t,shoulder_L_abd_raw,shoulder_L_abd_smoothed,shoulder_R_abd_raw,shoulder_R_abd_smoothed
18.969000000040978,12.945432015236472,12.945432015236472,8.031257465790809,8.031257465790809
t,shoulder_L_abd_raw,shoulder_L_abd_smoothed,shoulder_R_abd_raw,shoulder_R_abd_smoothed
18.969000000040978,12.945432015236472,12.945432015236472,8.031257465790809,8.031257465790809
t,shoulder_L_abd_raw,shoulder_L_abd_smoothed,shoulder_R_abd_raw,shoulder_R_abd_smoothed
19.01600000000326,13.881636409289476,13.881636409289476,7.556397501580832,7.556397501580832
t,shoulder_L_abd_raw,shoulder_L_abd_smoothed,shoulder_R_abd_raw,shoulder_R_abd_smoothed
19.01600000000326,13.881636409289476,13.881636409289476,7.556397501580832,7.556397501580832
t,shoulder_L_abd_raw,shoulder_L_abd_smoothed,shoulder_R_abd_raw,shoulder_R_abd_smoothed
19.01600000000326,13.881636409289476,13.881636409289476,7.556397501580832,7.556397501580832
t,shoulder_L_abd_raw,shoulder_L_abd_smoothed,shoulder_R_abd_raw,shoulder_R_abd_smoothed
19.01600000000326,13.881636409289476,13.881636409289476,7.556397501580832,7.556397501580832
t,shoulder_L_abd_raw,shoulder_L_abd_smoothed,shoulder_R_abd_raw,shoulder_R_abd_smoothed
19.03200000000652,13.881636409289476,13.881636409289476,7.556397501580832,7.556397501580832
t,shoulder_L_abd_raw,shoulder_L_abd_smoothed,shoulder_R_abd_raw,shoulder_R_abd_smoothed
19.03200000000652,13.881636409289476,13.881636409289476,7.556397501580832,7.556397501580832
t,shoulder_L_abd_raw,shoulder_L_abd_smoothed,shoulder_R_abd_raw,shoulder_R_abd_smoothed
19.03200000000652,13.881636409289476,13.881636409289476,7.556397501580832,7.556397501580832
t,shoulder_L_abd_raw,shoulder_L_abd_smoothed,shoulder_R_abd_raw,shoulder_R_abd_smoothed
19.03200000000652,13.881636409289476,13.881636409289476,7.556397501580832,7.556397501580832
t,shoulder_L_abd_raw,shoulder_L_abd_smoothed,shoulder_R_abd_raw,shoulder_R_abd_smoothed
19.06300000002375,13.881636409289476,13.881636409289476,7.556397501580832,7.556397501580832
t,shoulder_L_abd_raw,shoulder_L_abd_smoothed,shoulder_R_abd_raw,shoulder_R_abd_smoothed
19.06300000002375,13.881636409289476,13.881636409289476,7.556397501580832,7.556397501580832
t,shoulder_L_abd_raw,shoulder_L_abd_smoothed,shoulder_R_abd_raw,shoulder_R_abd_smoothed
19.06300000002375,13.881636409289476,13.881636409289476,7.556397501580832,7.556397501580832
t,shoulder_L_abd_raw,shoulder_L_abd_smoothed,shoulder_R_abd_raw,shoulder_R_abd_smoothed
19.06300000002375,13.881636409289476,13.881636409289476,7.556397501580832,7.556397501580832
t,shoulder_L_abd_raw,shoulder_L_abd_smoothed,shoulder_R_abd_raw,shoulder_R_abd_smoothed
19.110000000044238,14.333148844138746,14.333148844138746,8.202313079407789,8.202313079407789
t,shoulder_L_abd_raw,shoulder_L_abd_smoothed,shoulder_R_abd_raw,shoulder_R_abd_smoothed
19.110000000044238,14.333148844138746,14.333148844138746,8.202313079407789,8.202313079407789
t,shoulder_L_abd_raw,shoulder_L_abd_smoothed,shoulder_R_abd_raw,shoulder_R_abd_smoothed
19.110000000044238,14.333148844138746,14.333148844138746,8.202313079407789,8.202313079407789
t,shoulder_L_abd_raw,shoulder_L_abd_smoothed,shoulder_R_abd_raw,shoulder_R_abd_smoothed
19.110000000044238,14.333148844138746,14.333148844138746,8.202313079407789,8.202313079407789
t,shoulder_L_abd_raw,shoulder_L_abd_smoothed,shoulder_R_abd_raw,shoulder_R_abd_smoothed
19.14100000000326,14.333148844138746,14.333148844138746,8.202313079407789,8.202313079407789
t,shoulder_L_abd_raw,shoulder_L_abd_smoothed,shoulder_R_abd_raw,shoulder_R_abd_smoothed
19.14100000000326,14.333148844138746,14.333148844138746,8.202313079407789,8.202313079407789
t,shoulder_L_abd_raw,shoulder_L_abd_smoothed,shoulder_R_abd_raw,shoulder_R_abd_smoothed
19.14100000000326,14.333148844138746,14.333148844138746,8.202313079407789,8.202313079407789
t,shoulder_L_abd_raw,shoulder_L_abd_smoothed,shoulder_R_abd_raw,shoulder_R_abd_smoothed
19.14100000000326,14.333148844138746,14.333148844138746,8.202313079407789,8.202313079407789
t,shoulder_L_abd_raw,shoulder_L_abd_smoothed,shoulder_R_abd_raw,shoulder_R_abd_smoothed
19.17200000002049,14.333148844138746,14.333148844138746,8.202313079407789,8.202313079407789
t,shoulder_L_abd_raw,shoulder_L_abd_smoothed,shoulder_R_abd_raw,shoulder_R_abd_smoothed
19.17200000002049,14.333148844138746,14.333148844138746,8.202313079407789,8.202313079407789
t,shoulder_L_abd_raw,shoulder_L_abd_smoothed,shoulder_R_abd_raw,shoulder_R_abd_smoothed
19.17200000002049,14.333148844138746,14.333148844138746,8.202313079407789,8.202313079407789
t,shoulder_L_abd_raw,shoulder_L_abd_smoothed,shoulder_R_abd_raw,shoulder_R_abd_smoothed
19.17200000002049,14.333148844138746,14.333148844138746,8.202313079407789,8.202313079407789
t,shoulder_L_abd_raw,shoulder_L_abd_smoothed,shoulder_R_abd_raw,shoulder_R_abd_smoothed
19.219000000040978,14.040991791389875,14.040991791389875,7.740096399177545,7.740096399177545
t,shoulder_L_abd_raw,shoulder_L_abd_smoothed,shoulder_R_abd_raw,shoulder_R_abd_smoothed
19.219000000040978,14.040991791389875,14.040991791389875,7.740096399177545,7.740096399177545
t,shoulder_L_abd_raw,shoulder_L_abd_smoothed,shoulder_R_abd_raw,shoulder_R_abd_smoothed
19.219000000040978,14.040991791389875,14.040991791389875,7.740096399177545,7.740096399177545
t,shoulder_L_abd_raw,shoulder_L_abd_smoothed,shoulder_R_abd_raw,shoulder_R_abd_smoothed
19.219000000040978,14.040991791389875,14.040991791389875,7.740096399177545,7.740096399177545
t,shoulder_L_abd_raw,shoulder_L_abd_smoothed,shoulder_R_abd_raw,shoulder_R_abd_smoothed
19.25,14.040991791389875,14.040991791389875,7.740096399177545,7.740096399177545
t,shoulder_L_abd_raw,shoulder_L_abd_smoothed,shoulder_R_abd_raw,shoulder_R_abd_smoothed
19.25,14.040991791389875,14.040991791389875,7.740096399177545,7.740096399177545
t,shoulder_L_abd_raw,shoulder_L_abd_smoothed,shoulder_R_abd_raw,shoulder_R_abd_smoothed
19.25,14.040991791389875,14.040991791389875,7.740096399177545,7.740096399177545
t,shoulder_L_abd_raw,shoulder_L_abd_smoothed,shoulder_R_abd_raw,shoulder_R_abd_smoothed
19.25,14.040991791389875,14.040991791389875,7.740096399177545,7.740096399177545
t,shoulder_L_abd_raw,shoulder_L_abd_smoothed,shoulder_R_abd_raw,shoulder_R_abd_smoothed
19.26600000000326,14.040991791389875,14.040991791389875,7.740096399177545,7.740096399177545
t,shoulder_L_abd_raw,shoulder_L_abd_smoothed,shoulder_R_abd_raw,shoulder_R_abd_smoothed
19.26600000000326,14.040991791389875,14.040991791389875,7.740096399177545,7.740096399177545
t,shoulder_L_abd_raw,shoulder_L_abd_smoothed,shoulder_R_abd_raw,shoulder_R_abd_smoothed
19.26600000000326,14.040991791389875,14.040991791389875,7.740096399177545,7.740096399177545
t,shoulder_L_abd_raw,shoulder_L_abd_smoothed,shoulder_R_abd_raw,shoulder_R_abd_smoothed
19.26600000000326,14.040991791389875,14.040991791389875,7.740096399177545,7.740096399177545
t,shoulder_L_abd_raw,shoulder_L_abd_smoothed,shoulder_R_abd_raw,shoulder_R_abd_smoothed
19.32900000002701,13.834084538409753,13.834084538409753,8.35609045363611,8.35609045363611
t,shoulder_L_abd_raw,shoulder_L_abd_smoothed,shoulder_R_abd_raw,shoulder_R_abd_smoothed
19.32900000002701,13.834084538409753,13.834084538409753,8.35609045363611,8.35609045363611
t,shoulder_L_abd_raw,shoulder_L_abd_smoothed,shoulder_R_abd_raw,shoulder_R_abd_smoothed
19.32900000002701,13.834084538409753,13.834084538409753,8.35609045363611,8.35609045363611
t,shoulder_L_abd_raw,shoulder_L_abd_smoothed,shoulder_R_abd_raw,shoulder_R_abd_smoothed
19.32900000002701,13.834084538409753,13.834084538409753,8.35609045363611,8.35609045363611
t,shoulder_L_abd_raw,shoulder_L_abd_smoothed,shoulder_R_abd_raw,shoulder_R_abd_smoothed
19.344000000040978,13.834084538409753,13.834084538409753,8.35609045363611,8.35609045363611
t,shoulder_L_abd_raw,shoulder_L_abd_smoothed,shoulder_R_abd_raw,shoulder_R_abd_smoothed
19.344000000040978,13.834084538409753,13.834084538409753,8.35609045363611,8.35609045363611
t,shoulder_L_abd_raw,shoulder_L_abd_smoothed,shoulder_R_abd_raw,shoulder_R_abd_smoothed
19.344000000040978,13.834084538409753,13.834084538409753,8.35609045363611,8.35609045363611
t,shoulder_L_abd_raw,shoulder_L_abd_smoothed,shoulder_R_abd_raw,shoulder_R_abd_smoothed
19.344000000040978,13.834084538409753,13.834084538409753,8.35609045363611,8.35609045363611
t,shoulder_L_abd_raw,shoulder_L_abd_smoothed,shoulder_R_abd_raw,shoulder_R_abd_smoothed
19.375,13.834084538409753,13.834084538409753,8.35609045363611,8.35609045363611
t,shoulder_L_abd_raw,shoulder_L_abd_smoothed,shoulder_R_abd_raw,shoulder_R_abd_smoothed
19.375,13.834084538409753,13.834084538409753,8.35609045363611,8.35609045363611
t,shoulder_L_abd_raw,shoulder_L_abd_smoothed,shoulder_R_abd_raw,shoulder_R_abd_smoothed
19.375,13.834084538409753,13.834084538409753,8.35609045363611,8.35609045363611
t,shoulder_L_abd_raw,shoulder_L_abd_smoothed,shoulder_R_abd_raw,shoulder_R_abd_smoothed
19.375,13.834084538409753,13.834084538409753,8.35609045363611,8.35609045363611
t,shoulder_L_abd_raw,shoulder_L_abd_smoothed,shoulder_R_abd_raw,shoulder_R_abd_smoothed
19.40700000000652,13.695896187540338,13.695896187540338,7.480235716884264,7.480235716884264
t,shoulder_L_abd_raw,shoulder_L_abd_smoothed,shoulder_R_abd_raw,shoulder_R_abd_smoothed
19.40700000000652,13.695896187540338,13.695896187540338,7.480235716884264,7.480235716884264
t,shoulder_L_abd_raw,shoulder_L_abd_smoothed,shoulder_R_abd_raw,shoulder_R_abd_smoothed
19.40700000000652,13.695896187540338,13.695896187540338,7.480235716884264,7.480235716884264
t,shoulder_L_abd_raw,shoulder_L_abd_smoothed,shoulder_R_abd_raw,shoulder_R_abd_smoothed
19.40700000000652,13.695896187540338,13.695896187540338,7.480235716884264,7.480235716884264
t,shoulder_L_abd_raw,shoulder_L_abd_smoothed,shoulder_R_abd_raw,shoulder_R_abd_smoothed
19.43800000002375,13.695896187540338,13.695896187540338,7.480235716884264,7.480235716884264
t,shoulder_L_abd_raw,shoulder_L_abd_smoothed,shoulder_R_abd_raw,shoulder_R_abd_smoothed
19.43800000002375,13.695896187540338,13.695896187540338,7.480235716884264,7.480235716884264
t,shoulder_L_abd_raw,shoulder_L_abd_smoothed,shoulder_R_abd_raw,shoulder_R_abd_smoothed
19.43800000002375,13.695896187540338,13.695896187540338,7.480235716884264,7.480235716884264
t,shoulder_L_abd_raw,shoulder_L_abd_smoothed,shoulder_R_abd_raw,shoulder_R_abd_smoothed
19.43800000002375,13.695896187540338,13.695896187540338,7.480235716884264,7.480235716884264
t,shoulder_L_abd_raw,shoulder_L_abd_smoothed,shoulder_R_abd_raw,shoulder_R_abd_smoothed
19.469000000040978,13.695896187540338,13.695896187540338,7.480235716884264,7.480235716884264
t,shoulder_L_abd_raw,shoulder_L_abd_smoothed,shoulder_R_abd_raw,shoulder_R_abd_smoothed
19.469000000040978,13.695896187540338,13.695896187540338,7.480235716884264,7.480235716884264
t,shoulder_L_abd_raw,shoulder_L_abd_smoothed,shoulder_R_abd_raw,shoulder_R_abd_smoothed
19.469000000040978,13.695896187540338,13.695896187540338,7.480235716884264,7.480235716884264
t,shoulder_L_abd_raw,shoulder_L_abd_smoothed,shoulder_R_abd_raw,shoulder_R_abd_smoothed
19.469000000040978,13.695896187540338,13.695896187540338,7.480235716884264,7.480235716884264
t,shoulder_L_abd_raw,shoulder_L_abd_smoothed,shoulder_R_abd_raw,shoulder_R_abd_smoothed
19.51600000000326,13.566244694645547,13.566244694645547,8.447617730317974,8.447617730317974
t,shoulder_L_abd_raw,shoulder_L_abd_smoothed,shoulder_R_abd_raw,shoulder_R_abd_smoothed
19.51600000000326,13.566244694645547,13.566244694645547,8.447617730317974,8.447617730317974
t,shoulder_L_abd_raw,shoulder_L_abd_smoothed,shoulder_R_abd_raw,shoulder_R_abd_smoothed
19.51600000000326,13.566244694645547,13.566244694645547,8.447617730317974,8.447617730317974
t,shoulder_L_abd_raw,shoulder_L_abd_smoothed,shoulder_R_abd_raw,shoulder_R_abd_smoothed
19.51600000000326,13.566244694645547,13.566244694645547,8.447617730317974,8.447617730317974
t,shoulder_L_abd_raw,shoulder_L_abd_smoothed,shoulder_R_abd_raw,shoulder_R_abd_smoothed
19.53200000000652,13.566244694645547,13.566244694645547,8.447617730317974,8.447617730317974
t,shoulder_L_abd_raw,shoulder_L_abd_smoothed,shoulder_R_abd_raw,shoulder_R_abd_smoothed
19.53200000000652,13.566244694645547,13.566244694645547,8.447617730317974,8.447617730317974
t,shoulder_L_abd_raw,shoulder_L_abd_smoothed,shoulder_R_abd_raw,shoulder_R_abd_smoothed
19.53200000000652,13.566244694645547,13.566244694645547,8.447617730317974,8.447617730317974
t,shoulder_L_abd_raw,shoulder_L_abd_smoothed,shoulder_R_abd_raw,shoulder_R_abd_smoothed
19.53200000000652,13.566244694645547,13.566244694645547,8.447617730317974,8.447617730317974
t,shoulder_L_abd_raw,shoulder_L_abd_smoothed,shoulder_R_abd_raw,shoulder_R_abd_smoothed
19.56300000002375,13.566244694645547,13.566244694645547,8.447617730317974,8.447617730317974
t,shoulder_L_abd_raw,shoulder_L_abd_smoothed,shoulder_R_abd_raw,shoulder_R_abd_smoothed
19.56300000002375,13.566244694645547,13.566244694645547,8.447617730317974,8.447617730317974
t,shoulder_L_abd_raw,shoulder_L_abd_smoothed,shoulder_R_abd_raw,shoulder_R_abd_smoothed
19.56300000002375,13.566244694645547,13.566244694645547,8.447617730317974,8.447617730317974
t,shoulder_L_abd_raw,shoulder_L_abd_smoothed,shoulder_R_abd_raw,shoulder_R_abd_smoothed
19.56300000002375,13.566244694645547,13.566244694645547,8.447617730317974,8.447617730317974
t,shoulder_L_abd_raw,shoulder_L_abd_smoothed,shoulder_R_abd_raw,shoulder_R_abd_smoothed
19.625,13.710125195884766,13.710125195884766,8.964140353308277,8.964140353308277
t,shoulder_L_abd_raw,shoulder_L_abd_smoothed,shoulder_R_abd_raw,shoulder_R_abd_smoothed
19.625,13.710125195884766,13.710125195884766,8.964140353308277,8.964140353308277
t,shoulder_L_abd_raw,shoulder_L_abd_smoothed,shoulder_R_abd_raw,shoulder_R_abd_smoothed
19.625,13.710125195884766,13.710125195884766,8.964140353308277,8.964140353308277
t,shoulder_L_abd_raw,shoulder_L_abd_smoothed,shoulder_R_abd_raw,shoulder_R_abd_smoothed
19.625,13.710125195884766,13.710125195884766,8.964140353308277,8.964140353308277
t,shoulder_L_abd_raw,shoulder_L_abd_smoothed,shoulder_R_abd_raw,shoulder_R_abd_smoothed
19.64100000000326,13.710125195884766,13.710125195884766,8.964140353308277,8.964140353308277
t,shoulder_L_abd_raw,shoulder_L_abd_smoothed,shoulder_R_abd_raw,shoulder_R_abd_smoothed
19.64100000000326,13.710125195884766,13.710125195884766,8.964140353308277,8.964140353308277
t,shoulder_L_abd_raw,shoulder_L_abd_smoothed,shoulder_R_abd_raw,shoulder_R_abd_smoothed
19.64100000000326,13.710125195884766,13.710125195884766,8.964140353308277,8.964140353308277
t,shoulder_L_abd_raw,shoulder_L_abd_smoothed,shoulder_R_abd_raw,shoulder_R_abd_smoothed
19.64100000000326,13.710125195884766,13.710125195884766,8.964140353308277,8.964140353308277
t,shoulder_L_abd_raw,shoulder_L_abd_smoothed,shoulder_R_abd_raw,shoulder_R_abd_smoothed
19.67200000002049,13.710125195884766,13.710125195884766,8.964140353308277,8.964140353308277
t,shoulder_L_abd_raw,shoulder_L_abd_smoothed,shoulder_R_abd_raw,shoulder_R_abd_smoothed
19.67200000002049,13.710125195884766,13.710125195884766,8.964140353308277,8.964140353308277
t,shoulder_L_abd_raw,shoulder_L_abd_smoothed,shoulder_R_abd_raw,shoulder_R_abd_smoothed
19.67200000002049,13.710125195884766,13.710125195884766,8.964140353308277,8.964140353308277
t,shoulder_L_abd_raw,shoulder_L_abd_smoothed,shoulder_R_abd_raw,shoulder_R_abd_smoothed
19.67200000002049,13.710125195884766,13.710125195884766,8.964140353308277,8.964140353308277
t,shoulder_L_abd_raw,shoulder_L_abd_smoothed,shoulder_R_abd_raw,shoulder_R_abd_smoothed
19.719000000040978,13.162147433232805,13.162147433232805,8.88873661897901,8.88873661897901
t,shoulder_L_abd_raw,shoulder_L_abd_smoothed,shoulder_R_abd_raw,shoulder_R_abd_smoothed
19.719000000040978,13.162147433232805,13.162147433232805,8.88873661897901,8.88873661897901
t,shoulder_L_abd_raw,shoulder_L_abd_smoothed,shoulder_R_abd_raw,shoulder_R_abd_smoothed
19.719000000040978,13.162147433232805,13.162147433232805,8.88873661897901,8.88873661897901
t,shoulder_L_abd_raw,shoulder_L_abd_smoothed,shoulder_R_abd_raw,shoulder_R_abd_smoothed
19.719000000040978,13.162147433232805,13.162147433232805,8.88873661897901,8.88873661897901
t,shoulder_L_abd_raw,shoulder_L_abd_smoothed,shoulder_R_abd_raw,shoulder_R_abd_smoothed
19.75,13.162147433232805,13.162147433232805,8.88873661897901,8.88873661897901
t,shoulder_L_abd_raw,shoulder_L_abd_smoothed,shoulder_R_abd_raw,shoulder_R_abd_smoothed
19.75,13.162147433232805,13.162147433232805,8.88873661897901,8.88873661897901
t,shoulder_L_abd_raw,shoulder_L_abd_smoothed,shoulder_R_abd_raw,shoulder_R_abd_smoothed
19.75,13.162147433232805,13.162147433232805,8.88873661897901,8.88873661897901
t,shoulder_L_abd_raw,shoulder_L_abd_smoothed,shoulder_R_abd_raw,shoulder_R_abd_smoothed
19.75,13.162147433232805,13.162147433232805,8.88873661897901,8.88873661897901
t,shoulder_L_abd_raw,shoulder_L_abd_smoothed,shoulder_R_abd_raw,shoulder_R_abd_smoothed
19.76600000000326,13.162147433232805,13.162147433232805,8.88873661897901,8.88873661897901
t,shoulder_L_abd_raw,shoulder_L_abd_smoothed,shoulder_R_abd_raw,shoulder_R_abd_smoothed
19.76600000000326,13.162147433232805,13.162147433232805,8.88873661897901,8.88873661897901
t,shoulder_L_abd_raw,shoulder_L_abd_smoothed,shoulder_R_abd_raw,shoulder_R_abd_smoothed
19.76600000000326,13.162147433232805,13.162147433232805,8.88873661897901,8.88873661897901
t,shoulder_L_abd_raw,shoulder_L_abd_smoothed,shoulder_R_abd_raw,shoulder_R_abd_smoothed
19.76600000000326,13.162147433232805,13.162147433232805,8.88873661897901,8.88873661897901
t,shoulder_R_abd_raw,shoulder_R_abd_smoothed
19.81300000002375,8.46290049051535,8.46290049051535
t,shoulder_R_abd_raw,shoulder_R_abd_smoothed
19.81300000002375,8.46290049051535,8.46290049051535
t,shoulder_R_abd_raw,shoulder_R_abd_smoothed
19.844000000040978,8.46290049051535,8.46290049051535
t,shoulder_R_abd_raw,shoulder_R_abd_smoothed
19.844000000040978,8.46290049051535,8.46290049051535
t,shoulder_R_abd_raw,shoulder_R_abd_smoothed
19.860000000044238,8.46290049051535,8.46290049051535
t,shoulder_R_abd_raw,shoulder_R_abd_smoothed
19.860000000044238,8.46290049051535,8.46290049051535
t,shoulder_L_abd_raw,shoulder_L_abd_smoothed,shoulder_R_abd_raw,shoulder_R_abd_smoothed
19.90700000000652,14.205164521598721,14.205164521598721,8.632150589364594,8.632150589364594
t,shoulder_L_abd_raw,shoulder_L_abd_smoothed,shoulder_R_abd_raw,shoulder_R_abd_smoothed
19.90700000000652,14.205164521598721,14.205164521598721,8.632150589364594,8.632150589364594
t,shoulder_L_abd_raw,shoulder_L_abd_smoothed,shoulder_R_abd_raw,shoulder_R_abd_smoothed
19.90700000000652,14.205164521598721,14.205164521598721,8.632150589364594,8.632150589364594
t,shoulder_L_abd_raw,shoulder_L_abd_smoothed,shoulder_R_abd_raw,shoulder_R_abd_smoothed
19.90700000000652,14.205164521598721,14.205164521598721,8.632150589364594,8.632150589364594
t,shoulder_L_abd_raw,shoulder_L_abd_smoothed,shoulder_R_abd_raw,shoulder_R_abd_smoothed
19.93800000002375,14.205164521598721,14.205164521598721,8.632150589364594,8.632150589364594
t,shoulder_L_abd_raw,shoulder_L_abd_smoothed,shoulder_R_abd_raw,shoulder_R_abd_smoothed
19.93800000002375,14.205164521598721,14.205164521598721,8.632150589364594,8.632150589364594
t,shoulder_L_abd_raw,shoulder_L_abd_smoothed,shoulder_R_abd_raw,shoulder_R_abd_smoothed
19.93800000002375,14.205164521598721,14.205164521598721,8.632150589364594,8.632150589364594
t,shoulder_L_abd_raw,shoulder_L_abd_smoothed,shoulder_R_abd_raw,shoulder_R_abd_smoothed
19.93800000002375,14.205164521598721,14.205164521598721,8.632150589364594,8.632150589364594
t,shoulder_L_abd_raw,shoulder_L_abd_smoothed,shoulder_R_abd_raw,shoulder_R_abd_smoothed
19.969000000040978,14.205164521598721,14.205164521598721,8.632150589364594,8.632150589364594
t,shoulder_L_abd_raw,shoulder_L_abd_smoothed,shoulder_R_abd_raw,shoulder_R_abd_smoothed
19.969000000040978,14.205164521598721,14.205164521598721,8.632150589364594,8.632150589364594
t,shoulder_L_abd_raw,shoulder_L_abd_smoothed,shoulder_R_abd_raw,shoulder_R_abd_smoothed
19.969000000040978,14.205164521598721,14.205164521598721,8.632150589364594,8.632150589364594
t,shoulder_L_abd_raw,shoulder_L_abd_smoothed,shoulder_R_abd_raw,shoulder_R_abd_smoothed
19.969000000040978,14.205164521598721,14.205164521598721,8.632150589364594,8.632150589364594
t,shoulder_L_abd_raw,shoulder_L_abd_smoothed,shoulder_R_abd_raw,shoulder_R_abd_smoothed
20.01600000000326,13.19215426183069,13.19215426183069,8.33253425556391,8.33253425556391
t,shoulder_L_abd_raw,shoulder_L_abd_smoothed,shoulder_R_abd_raw,shoulder_R_abd_smoothed
20.01600000000326,13.19215426183069,13.19215426183069,8.33253425556391,8.33253425556391
t,shoulder_L_abd_raw,shoulder_L_abd_smoothed,shoulder_R_abd_raw,shoulder_R_abd_smoothed
20.01600000000326,13.19215426183069,13.19215426183069,8.33253425556391,8.33253425556391
t,shoulder_L_abd_raw,shoulder_L_abd_smoothed,shoulder_R_abd_raw,shoulder_R_abd_smoothed
20.01600000000326,13.19215426183069,13.19215426183069,8.33253425556391,8.33253425556391
t,shoulder_L_abd_raw,shoulder_L_abd_smoothed,shoulder_R_abd_raw,shoulder_R_abd_smoothed
20.04700000002049,13.19215426183069,13.19215426183069,8.33253425556391,8.33253425556391
t,shoulder_L_abd_raw,shoulder_L_abd_smoothed,shoulder_R_abd_raw,shoulder_R_abd_smoothed
20.04700000002049,13.19215426183069,13.19215426183069,8.33253425556391,8.33253425556391
t,shoulder_L_abd_raw,shoulder_L_abd_smoothed,shoulder_R_abd_raw,shoulder_R_abd_smoothed
20.04700000002049,13.19215426183069,13.19215426183069,8.33253425556391,8.33253425556391
t,shoulder_L_abd_raw,shoulder_L_abd_smoothed,shoulder_R_abd_raw,shoulder_R_abd_smoothed
20.04700000002049,13.19215426183069,13.19215426183069,8.33253425556391,8.33253425556391
t,shoulder_L_abd_raw,shoulder_L_abd_smoothed,shoulder_R_abd_raw,shoulder_R_abd_smoothed
20.07900000002701,13.19215426183069,13.19215426183069,8.33253425556391,8.33253425556391
t,shoulder_L_abd_raw,shoulder_L_abd_smoothed,shoulder_R_abd_raw,shoulder_R_abd_smoothed
20.07900000002701,13.19215426183069,13.19215426183069,8.33253425556391,8.33253425556391
t,shoulder_L_abd_raw,shoulder_L_abd_smoothed,shoulder_R_abd_raw,shoulder_R_abd_smoothed
20.07900000002701,13.19215426183069,13.19215426183069,8.33253425556391,8.33253425556391
t,shoulder_L_abd_raw,shoulder_L_abd_smoothed,shoulder_R_abd_raw,shoulder_R_abd_smoothed
20.07900000002701,13.19215426183069,13.19215426183069,8.33253425556391,8.33253425556391
t,shoulder_L_abd_raw,shoulder_L_abd_smoothed,shoulder_R_abd_raw,shoulder_R_abd_smoothed
20.125,12.512427250860052,12.512427250860052,9.62232582413037,9.62232582413037
t,shoulder_L_abd_raw,shoulder_L_abd_smoothed,shoulder_R_abd_raw,shoulder_R_abd_smoothed
20.125,12.512427250860052,12.512427250860052,9.62232582413037,9.62232582413037
t,shoulder_L_abd_raw,shoulder_L_abd_smoothed,shoulder_R_abd_raw,shoulder_R_abd_smoothed
20.125,12.512427250860052,12.512427250860052,9.62232582413037,9.62232582413037
t,shoulder_L_abd_raw,shoulder_L_abd_smoothed,shoulder_R_abd_raw,shoulder_R_abd_smoothed
20.125,12.512427250860052,12.512427250860052,9.62232582413037,9.62232582413037
t,shoulder_L_abd_raw,shoulder_L_abd_smoothed,shoulder_R_abd_raw,shoulder_R_abd_smoothed
20.14100000000326,12.512427250860052,12.512427250860052,9.62232582413037,9.62232582413037
t,shoulder_L_abd_raw,shoulder_L_abd_smoothed,shoulder_R_abd_raw,shoulder_R_abd_smoothed
20.14100000000326,12.512427250860052,12.512427250860052,9.62232582413037,9.62232582413037
t,shoulder_L_abd_raw,shoulder_L_abd_smoothed,shoulder_R_abd_raw,shoulder_R_abd_smoothed
20.14100000000326,12.512427250860052,12.512427250860052,9.62232582413037,9.62232582413037
t,shoulder_L_abd_raw,shoulder_L_abd_smoothed,shoulder_R_abd_raw,shoulder_R_abd_smoothed
20.14100000000326,12.512427250860052,12.512427250860052,9.62232582413037,9.62232582413037
t,shoulder_L_abd_raw,shoulder_L_abd_smoothed,shoulder_R_abd_raw,shoulder_R_abd_smoothed
20.17200000002049,12.512427250860052,12.512427250860052,9.62232582413037,9.62232582413037
t,shoulder_L_abd_raw,shoulder_L_abd_smoothed,shoulder_R_abd_raw,shoulder_R_abd_smoothed
20.17200000002049,12.512427250860052,12.512427250860052,9.62232582413037,9.62232582413037
t,shoulder_L_abd_raw,shoulder_L_abd_smoothed,shoulder_R_abd_raw,shoulder_R_abd_smoothed
20.17200000002049,12.512427250860052,12.512427250860052,9.62232582413037,9.62232582413037
t,shoulder_L_abd_raw,shoulder_L_abd_smoothed,shoulder_R_abd_raw,shoulder_R_abd_smoothed
20.17200000002049,12.512427250860052,12.512427250860052,9.62232582413037,9.62232582413037
t,shoulder_L_abd_raw,shoulder_L_abd_smoothed,shoulder_R_abd_raw,shoulder_R_abd_smoothed
20.219000000040978,12.093930797408008,12.093930797408008,10.462302542431821,10.462302542431821
t,shoulder_L_abd_raw,shoulder_L_abd_smoothed,shoulder_R_abd_raw,shoulder_R_abd_smoothed
20.219000000040978,12.093930797408008,12.093930797408008,10.462302542431821,10.462302542431821
t,shoulder_L_abd_raw,shoulder_L_abd_smoothed,shoulder_R_abd_raw,shoulder_R_abd_smoothed
20.219000000040978,12.093930797408008,12.093930797408008,10.462302542431821,10.462302542431821
t,shoulder_L_abd_raw,shoulder_L_abd_smoothed,shoulder_R_abd_raw,shoulder_R_abd_smoothed
20.219000000040978,12.093930797408008,12.093930797408008,10.462302542431821,10.462302542431821
t,shoulder_L_abd_raw,shoulder_L_abd_smoothed,shoulder_R_abd_raw,shoulder_R_abd_smoothed
20.235000000044238,12.093930797408008,12.093930797408008,10.462302542431821,10.462302542431821
t,shoulder_L_abd_raw,shoulder_L_abd_smoothed,shoulder_R_abd_raw,shoulder_R_abd_smoothed
20.235000000044238,12.093930797408008,12.093930797408008,10.462302542431821,10.462302542431821
t,shoulder_L_abd_raw,shoulder_L_abd_smoothed,shoulder_R_abd_raw,shoulder_R_abd_smoothed
20.235000000044238,12.093930797408008,12.093930797408008,10.462302542431821,10.462302542431821
t,shoulder_L_abd_raw,shoulder_L_abd_smoothed,shoulder_R_abd_raw,shoulder_R_abd_smoothed
20.235000000044238,12.093930797408008,12.093930797408008,10.462302542431821,10.462302542431821
t,shoulder_L_abd_raw,shoulder_L_abd_smoothed,shoulder_R_abd_raw,shoulder_R_abd_smoothed
20.26600000000326,12.093930797408008,12.093930797408008,10.462302542431821,10.462302542431821
t,shoulder_L_abd_raw,shoulder_L_abd_smoothed,shoulder_R_abd_raw,shoulder_R_abd_smoothed
20.26600000000326,12.093930797408008,12.093930797408008,10.462302542431821,10.462302542431821
t,shoulder_L_abd_raw,shoulder_L_abd_smoothed,shoulder_R_abd_raw,shoulder_R_abd_smoothed
20.26600000000326,12.093930797408008,12.093930797408008,10.462302542431821,10.462302542431821
t,shoulder_L_abd_raw,shoulder_L_abd_smoothed,shoulder_R_abd_raw,shoulder_R_abd_smoothed
20.26600000000326,12.093930797408008,12.093930797408008,10.462302542431821,10.462302542431821
t,shoulder_L_abd_raw,shoulder_L_abd_smoothed,shoulder_R_abd_raw,shoulder_R_abd_smoothed
20.31300000002375,12.037844770478971,12.037844770478971,11.071350622336604,11.071350622336604
t,shoulder_L_abd_raw,shoulder_L_abd_smoothed,shoulder_R_abd_raw,shoulder_R_abd_smoothed
20.31300000002375,12.037844770478971,12.037844770478971,11.071350622336604,11.071350622336604
t,shoulder_L_abd_raw,shoulder_L_abd_smoothed,shoulder_R_abd_raw,shoulder_R_abd_smoothed
20.31300000002375,12.037844770478971,12.037844770478971,11.071350622336604,11.071350622336604
t,shoulder_L_abd_raw,shoulder_L_abd_smoothed,shoulder_R_abd_raw,shoulder_R_abd_smoothed
20.31300000002375,12.037844770478971,12.037844770478971,11.071350622336604,11.071350622336604
t,shoulder_L_abd_raw,shoulder_L_abd_smoothed,shoulder_R_abd_raw,shoulder_R_abd_smoothed
20.344000000040978,12.037844770478971,12.037844770478971,11.071350622336604,11.071350622336604
t,shoulder_L_abd_raw,shoulder_L_abd_smoothed,shoulder_R_abd_raw,shoulder_R_abd_smoothed
20.344000000040978,12.037844770478971,12.037844770478971,11.071350622336604,11.071350622336604
t,shoulder_L_abd_raw,shoulder_L_abd_smoothed,shoulder_R_abd_raw,shoulder_R_abd_smoothed
20.344000000040978,12.037844770478971,12.037844770478971,11.071350622336604,11.071350622336604
t,shoulder_L_abd_raw,shoulder_L_abd_smoothed,shoulder_R_abd_raw,shoulder_R_abd_smoothed
20.344000000040978,12.037844770478971,12.037844770478971,11.071350622336604,11.071350622336604
t,shoulder_L_abd_raw,shoulder_L_abd_smoothed,shoulder_R_abd_raw,shoulder_R_abd_smoothed
20.360000000044238,12.037844770478971,12.037844770478971,11.071350622336604,11.071350622336604
t,shoulder_L_abd_raw,shoulder_L_abd_smoothed,shoulder_R_abd_raw,shoulder_R_abd_smoothed
20.360000000044238,12.037844770478971,12.037844770478971,11.071350622336604,11.071350622336604
t,shoulder_L_abd_raw,shoulder_L_abd_smoothed,shoulder_R_abd_raw,shoulder_R_abd_smoothed
20.360000000044238,12.037844770478971,12.037844770478971,11.071350622336604,11.071350622336604
t,shoulder_L_abd_raw,shoulder_L_abd_smoothed,shoulder_R_abd_raw,shoulder_R_abd_smoothed
20.360000000044238,12.037844770478971,12.037844770478971,11.071350622336604,11.071350622336604
t,elbow_right_raw,elbow_right_smoothed
20.42200000002049,103.9810628211203,117.68571524897541
t,elbow_right_raw,elbow_right_smoothed
20.42200000002049,103.9810628211203,117.68571524897541
t,elbow_right_raw,elbow_right_smoothed
20.45400000002701,103.9810628211203,114.9447847634044
t,elbow_right_raw,elbow_right_smoothed
20.45400000002701,103.9810628211203,114.9447847634044
t,elbow_right_raw,elbow_right_smoothed
20.469000000040978,103.9810628211203,112.75204037494758
t,elbow_right_raw,elbow_right_smoothed
20.469000000040978,103.9810628211203,112.75204037494758
t,shoulder_R_abd_raw,shoulder_R_abd_smoothed
20.51600000000326,14.120330454663286,14.120330454663286
t,shoulder_R_abd_raw,shoulder_R_abd_smoothed
20.51600000000326,14.120330454663286,14.120330454663286
t,shoulder_R_abd_raw,shoulder_R_abd_smoothed
20.54700000002049,14.120330454663286,14.120330454663286
t,shoulder_R_abd_raw,shoulder_R_abd_smoothed
20.54700000002049,14.120330454663286,14.120330454663286
t,shoulder_R_abd_raw,shoulder_R_abd_smoothed
20.56300000002375,14.120330454663286,14.120330454663286
t,shoulder_R_abd_raw,shoulder_R_abd_smoothed
20.56300000002375,14.120330454663286,14.120330454663286
t,shoulder_R_abd_raw,shoulder_R_abd_smoothed
20.610000000044238,20.896689881279766,20.896689881279766
t,shoulder_R_abd_raw,shoulder_R_abd_smoothed
20.610000000044238,20.896689881279766,20.896689881279766
t,shoulder_R_abd_raw,shoulder_R_abd_smoothed
20.64100000000326,20.896689881279766,20.896689881279766
t,shoulder_R_abd_raw,shoulder_R_abd_smoothed
20.64100000000326,20.896689881279766,20.896689881279766
t,shoulder_R_abd_raw,shoulder_R_abd_smoothed
20.67200000002049,20.896689881279766,20.896689881279766
t,shoulder_R_abd_raw,shoulder_R_abd_smoothed
20.67200000002049,20.896689881279766,20.896689881279766
t,shoulder_L_abd_raw,shoulder_L_abd_smoothed,shoulder_R_abd_raw,shoulder_R_abd_smoothed
20.719000000040978,11.592296124259597,11.592296124259597,18.358590800691726,18.358590800691726
t,shoulder_L_abd_raw,shoulder_L_abd_smoothed,shoulder_R_abd_raw,shoulder_R_abd_smoothed
20.719000000040978,11.592296124259597,11.592296124259597,18.358590800691726,18.358590800691726
t,shoulder_L_abd_raw,shoulder_L_abd_smoothed,shoulder_R_abd_raw,shoulder_R_abd_smoothed
20.719000000040978,11.592296124259597,11.592296124259597,18.358590800691726,18.358590800691726
t,shoulder_L_abd_raw,shoulder_L_abd_smoothed,shoulder_R_abd_raw,shoulder_R_abd_smoothed
20.719000000040978,11.592296124259597,11.592296124259597,18.358590800691726,18.358590800691726
t,shoulder_L_abd_raw,shoulder_L_abd_smoothed,shoulder_R_abd_raw,shoulder_R_abd_smoothed
20.735000000044238,11.592296124259597,11.592296124259597,18.358590800691726,18.358590800691726
t,shoulder_L_abd_raw,shoulder_L_abd_smoothed,shoulder_R_abd_raw,shoulder_R_abd_smoothed
20.735000000044238,11.592296124259597,11.592296124259597,18.358590800691726,18.358590800691726
t,shoulder_L_abd_raw,shoulder_L_abd_smoothed,shoulder_R_abd_raw,shoulder_R_abd_smoothed
20.735000000044238,11.592296124259597,11.592296124259597,18.358590800691726,18.358590800691726
t,shoulder_L_abd_raw,shoulder_L_abd_smoothed,shoulder_R_abd_raw,shoulder_R_abd_smoothed
20.735000000044238,11.592296124259597,11.592296124259597,18.358590800691726,18.358590800691726
t,shoulder_L_abd_raw,shoulder_L_abd_smoothed,shoulder_R_abd_raw,shoulder_R_abd_smoothed
20.76600000000326,11.592296124259597,11.592296124259597,18.358590800691726,18.358590800691726
t,shoulder_L_abd_raw,shoulder_L_abd_smoothed,shoulder_R_abd_raw,shoulder_R_abd_smoothed
20.76600000000326,11.592296124259597,11.592296124259597,18.358590800691726,18.358590800691726
t,shoulder_L_abd_raw,shoulder_L_abd_smoothed,shoulder_R_abd_raw,shoulder_R_abd_smoothed
20.76600000000326,11.592296124259597,11.592296124259597,18.358590800691726,18.358590800691726
t,shoulder_L_abd_raw,shoulder_L_abd_smoothed,shoulder_R_abd_raw,shoulder_R_abd_smoothed
20.76600000000326,11.592296124259597,11.592296124259597,18.358590800691726,18.358590800691726
t,shoulder_L_abd_raw,shoulder_L_abd_smoothed,shoulder_R_abd_raw,shoulder_R_abd_smoothed
20.82900000002701,10.7065118361959,10.7065118361959,14.122080177647984,14.122080177647984
t,shoulder_L_abd_raw,shoulder_L_abd_smoothed,shoulder_R_abd_raw,shoulder_R_abd_smoothed
20.82900000002701,10.7065118361959,10.7065118361959,14.122080177647984,14.122080177647984
t,shoulder_L_abd_raw,shoulder_L_abd_smoothed,shoulder_R_abd_raw,shoulder_R_abd_smoothed
20.82900000002701,10.7065118361959,10.7065118361959,14.122080177647984,14.122080177647984
t,shoulder_L_abd_raw,shoulder_L_abd_smoothed,shoulder_R_abd_raw,shoulder_R_abd_smoothed
20.82900000002701,10.7065118361959,10.7065118361959,14.122080177647984,14.122080177647984
t,shoulder_L_abd_raw,shoulder_L_abd_smoothed,shoulder_R_abd_raw,shoulder_R_abd_smoothed
20.844000000040978,10.7065118361959,10.7065118361959,14.122080177647984,14.122080177647984
t,shoulder_L_abd_raw,shoulder_L_abd_smoothed,shoulder_R_abd_raw,shoulder_R_abd_smoothed
20.844000000040978,10.7065118361959,10.7065118361959,14.122080177647984,14.122080177647984
t,shoulder_L_abd_raw,shoulder_L_abd_smoothed,shoulder_R_abd_raw,shoulder_R_abd_smoothed
20.844000000040978,10.7065118361959,10.7065118361959,14.122080177647984,14.122080177647984
t,shoulder_L_abd_raw,shoulder_L_abd_smoothed,shoulder_R_abd_raw,shoulder_R_abd_smoothed
20.844000000040978,10.7065118361959,10.7065118361959,14.122080177647984,14.122080177647984
t,shoulder_L_abd_raw,shoulder_L_abd_smoothed,shoulder_R_abd_raw,shoulder_R_abd_smoothed
20.875,10.7065118361959,10.7065118361959,14.122080177647984,14.122080177647984
t,shoulder_L_abd_raw,shoulder_L_abd_smoothed,shoulder_R_abd_raw,shoulder_R_abd_smoothed
20.875,10.7065118361959,10.7065118361959,14.122080177647984,14.122080177647984
t,shoulder_L_abd_raw,shoulder_L_abd_smoothed,shoulder_R_abd_raw,shoulder_R_abd_smoothed
20.875,10.7065118361959,10.7065118361959,14.122080177647984,14.122080177647984
t,shoulder_L_abd_raw,shoulder_L_abd_smoothed,shoulder_R_abd_raw,shoulder_R_abd_smoothed
20.875,10.7065118361959,10.7065118361959,14.122080177647984,14.122080177647984
t,shoulder_R_abd_raw,shoulder_R_abd_smoothed
20.92200000002049,13.328756286000468,13.328756286000468
t,shoulder_R_abd_raw,shoulder_R_abd_smoothed
20.92200000002049,13.328756286000468,13.328756286000468
t,shoulder_R_abd_raw,shoulder_R_abd_smoothed
20.93800000002375,13.328756286000468,13.328756286000468
t,shoulder_R_abd_raw,shoulder_R_abd_smoothed
20.93800000002375,13.328756286000468,13.328756286000468
t,shoulder_R_abd_raw,shoulder_R_abd_smoothed
20.969000000040978,13.328756286000468,13.328756286000468
t,shoulder_R_abd_raw,shoulder_R_abd_smoothed
20.969000000040978,13.328756286000468,13.328756286000468
t,shoulder_R_abd_raw,shoulder_R_abd_smoothed
21.01600000000326,26.15907847322529,26.15907847322529
t,shoulder_R_abd_raw,shoulder_R_abd_smoothed
21.01600000000326,26.15907847322529,26.15907847322529
t,shoulder_R_abd_raw,shoulder_R_abd_smoothed
21.04700000002049,26.15907847322529,26.15907847322529
t,shoulder_R_abd_raw,shoulder_R_abd_smoothed
21.04700000002049,26.15907847322529,26.15907847322529
t,shoulder_R_abd_raw,shoulder_R_abd_smoothed
21.06300000002375,26.15907847322529,26.15907847322529
t,shoulder_R_abd_raw,shoulder_R_abd_smoothed
21.06300000002375,26.15907847322529,26.15907847322529
t,shoulder_R_abd_raw,shoulder_R_abd_smoothed
21.110000000044238,25.01633039633696,25.01633039633696
t,shoulder_R_abd_raw,shoulder_R_abd_smoothed
21.110000000044238,25.01633039633696,25.01633039633696
t,shoulder_R_abd_raw,shoulder_R_abd_smoothed
21.14100000000326,25.01633039633696,25.01633039633696
t,shoulder_R_abd_raw,shoulder_R_abd_smoothed
21.14100000000326,25.01633039633696,25.01633039633696
t,shoulder_R_abd_raw,shoulder_R_abd_smoothed
21.15700000000652,25.01633039633696,25.01633039633696
t,shoulder_R_abd_raw,shoulder_R_abd_smoothed
21.15700000000652,25.01633039633696,25.01633039633696
t,shoulder_R_abd_raw,shoulder_R_abd_smoothed
21.219000000040978,25.123371772958077,25.123371772958077
t,shoulder_R_abd_raw,shoulder_R_abd_smoothed
21.219000000040978,25.123371772958077,25.123371772958077
t,shoulder_R_abd_raw,shoulder_R_abd_smoothed
21.25,25.123371772958077,25.123371772958077
t,shoulder_R_abd_raw,shoulder_R_abd_smoothed
21.25,25.123371772958077,25.123371772958077
t,shoulder_R_abd_raw,shoulder_R_abd_smoothed
21.26600000000326,25.123371772958077,25.123371772958077
t,shoulder_R_abd_raw,shoulder_R_abd_smoothed
21.26600000000326,25.123371772958077,25.123371772958077
t,shoulder_L_abd_raw,shoulder_L_abd_smoothed,shoulder_R_abd_raw,shoulder_R_abd_smoothed
21.31300000002375,10.757788335282996,10.757788335282996,25.043443485413526,25.043443485413526
t,shoulder_L_abd_raw,shoulder_L_abd_smoothed,shoulder_R_abd_raw,shoulder_R_abd_smoothed
21.31300000002375,10.757788335282996,10.757788335282996,25.043443485413526,25.043443485413526
t,shoulder_L_abd_raw,shoulder_L_abd_smoothed,shoulder_R_abd_raw,shoulder_R_abd_smoothed
21.31300000002375,10.757788335282996,10.757788335282996,25.043443485413526,25.043443485413526
t,shoulder_L_abd_raw,shoulder_L_abd_smoothed,shoulder_R_abd_raw,shoulder_R_abd_smoothed
21.31300000002375,10.757788335282996,10.757788335282996,25.043443485413526,25.043443485413526
t,shoulder_L_abd_raw,shoulder_L_abd_smoothed,shoulder_R_abd_raw,shoulder_R_abd_smoothed
21.344000000040978,10.757788335282996,10.757788335282996,25.043443485413526,25.043443485413526
t,shoulder_L_abd_raw,shoulder_L_abd_smoothed,shoulder_R_abd_raw,shoulder_R_abd_smoothed
21.344000000040978,10.757788335282996,10.757788335282996,25.043443485413526,25.043443485413526
t,shoulder_L_abd_raw,shoulder_L_abd_smoothed,shoulder_R_abd_raw,shoulder_R_abd_smoothed
21.344000000040978,10.757788335282996,10.757788335282996,25.043443485413526,25.043443485413526
t,shoulder_L_abd_raw,shoulder_L_abd_smoothed,shoulder_R_abd_raw,shoulder_R_abd_smoothed
21.344000000040978,10.757788335282996,10.757788335282996,25.043443485413526,25.043443485413526
t,shoulder_L_abd_raw,shoulder_L_abd_smoothed,shoulder_R_abd_raw,shoulder_R_abd_smoothed
21.375,10.757788335282996,10.757788335282996,25.043443485413526,25.043443485413526
t,shoulder_L_abd_raw,shoulder_L_abd_smoothed,shoulder_R_abd_raw,shoulder_R_abd_smoothed
21.375,10.757788335282996,10.757788335282996,25.043443485413526,25.043443485413526
t,shoulder_L_abd_raw,shoulder_L_abd_smoothed,shoulder_R_abd_raw,shoulder_R_abd_smoothed
21.375,10.757788335282996,10.757788335282996,25.043443485413526,25.043443485413526
t,shoulder_L_abd_raw,shoulder_L_abd_smoothed,shoulder_R_abd_raw,shoulder_R_abd_smoothed
21.375,10.757788335282996,10.757788335282996,25.043443485413526,25.043443485413526
t,shoulder_L_abd_raw,shoulder_L_abd_smoothed,shoulder_R_abd_raw,shoulder_R_abd_smoothed
21.42200000002049,9.869740979623504,9.869740979623504,25.48040149569479,25.48040149569479
t,shoulder_L_abd_raw,shoulder_L_abd_smoothed,shoulder_R_abd_raw,shoulder_R_abd_smoothed
21.42200000002049,9.869740979623504,9.869740979623504,25.48040149569479,25.48040149569479
t,shoulder_L_abd_raw,shoulder_L_abd_smoothed,shoulder_R_abd_raw,shoulder_R_abd_smoothed
21.42200000002049,9.869740979623504,9.869740979623504,25.48040149569479,25.48040149569479
t,shoulder_L_abd_raw,shoulder_L_abd_smoothed,shoulder_R_abd_raw,shoulder_R_abd_smoothed
21.42200000002049,9.869740979623504,9.869740979623504,25.48040149569479,25.48040149569479
t,shoulder_L_abd_raw,shoulder_L_abd_smoothed,shoulder_R_abd_raw,shoulder_R_abd_smoothed
21.43800000002375,9.869740979623504,9.869740979623504,25.48040149569479,25.48040149569479
t,shoulder_L_abd_raw,shoulder_L_abd_smoothed,shoulder_R_abd_raw,shoulder_R_abd_smoothed
21.43800000002375,9.869740979623504,9.869740979623504,25.48040149569479,25.48040149569479
t,shoulder_L_abd_raw,shoulder_L_abd_smoothed,shoulder_R_abd_raw,shoulder_R_abd_smoothed
21.43800000002375,9.869740979623504,9.869740979623504,25.48040149569479,25.48040149569479
t,shoulder_L_abd_raw,shoulder_L_abd_smoothed,shoulder_R_abd_raw,shoulder_R_abd_smoothed
21.43800000002375,9.869740979623504,9.869740979623504,25.48040149569479,25.48040149569479
t,shoulder_L_abd_raw,shoulder_L_abd_smoothed,shoulder_R_abd_raw,shoulder_R_abd_smoothed
21.469000000040978,9.869740979623504,9.869740979623504,25.48040149569479,25.48040149569479
t,shoulder_L_abd_raw,shoulder_L_abd_smoothed,shoulder_R_abd_raw,shoulder_R_abd_smoothed
21.469000000040978,9.869740979623504,9.869740979623504,25.48040149569479,25.48040149569479
t,shoulder_L_abd_raw,shoulder_L_abd_smoothed,shoulder_R_abd_raw,shoulder_R_abd_smoothed
21.469000000040978,9.869740979623504,9.869740979623504,25.48040149569479,25.48040149569479
t,shoulder_L_abd_raw,shoulder_L_abd_smoothed,shoulder_R_abd_raw,shoulder_R_abd_smoothed
21.469000000040978,9.869740979623504,9.869740979623504,25.48040149569479,25.48040149569479
t,shoulder_R_abd_raw,shoulder_R_abd_smoothed
21.625,25.166804707633197,25.166804707633197
t,shoulder_R_abd_raw,shoulder_R_abd_smoothed
21.625,25.166804707633197,25.166804707633197
t,shoulder_R_abd_raw,shoulder_R_abd_smoothed
21.64100000000326,25.166804707633197,25.166804707633197
t,shoulder_R_abd_raw,shoulder_R_abd_smoothed
21.64100000000326,25.166804707633197,25.166804707633197
t,shoulder_R_abd_raw,shoulder_R_abd_smoothed
21.67200000002049,25.166804707633197,25.166804707633197
t,shoulder_R_abd_raw,shoulder_R_abd_smoothed
21.67200000002049,25.166804707633197,25.166804707633197
